"instead , a grizzly bear with fur the color of milk chocolate lumbered toward us , equivalent in size to a young elephant i 'd once seen at the portland zoo .",elephant,animal
the topic had become a giant elephant in the room .,elephant,animal
"he would squeeze water out of elephant dung in his condition , like that skinny , self-proclaimed survivalist on the television that all the women were giddy about .",elephant,animal
"thick stems , broad leafs , and roots that could trip an elephant .",elephant,animal
all the pellets were being shot out of the ornamental elephant 's head opposite him .,elephant,animal.artifact.c
"mila jumps , her feet smacking against the porch with the force of a baby elephant .",elephant,animal
he was n't sure how to greet an elephant .,elephant,animal
"the old red bricks seemed to hold for a moment , but after the mortar that held them in place turned to sand , the wall collapsed inward , leaving a hole the size of an elephant .",elephant,animal
his last words : `` they could n't hit an elephant at this distance. ``,elephant,animal
you know there are leopards in here and warthogs with sharp teeth and pythons with enough venom to kill an elephant .,elephant,animal
"pancho grinned , showing a mouth like an elephant graveyard .",elephant,animal
but the position of elephant keeper was a coveted place of great responsibility .,elephant,animal
"an image of an elephant is one thing , however , but the reality is quite something else .",elephant,animal.nfs
"soldiers with half-pikes had already rushed to form a barricade between arangbar 's elephant and the tiger , but the moghul seemed unperturbed .",elephant,animal.location.c
"the sound grew louder until , suddenly , several tons of distressed elephant burst into the clearing before , with amazing agility , coming to a shuddering halt .",elephant,animal
"the dinosaur must be somewhere among the trees , but for a moment grant could see nothing at all .",dinosaur,animal
grigor leapt on to the dinosaur and they headed out of the room and towards the stairs .,dinosaur,animal.location.c
"arnie could turn into any dinosaur he could visualize , but his mass remained the same .",dinosaur,animal
"but timmie does n't , and he loves his dinosaur very much .",dinosaur,animal
"he had done lots of digging at the place called egg hill in montana , which was famous because so many dinosaur eggs had been found there .",dinosaur,animal
"`` actually , '' malcolm said , `` paleontologists have been finding fragments of dinosaur dna for years .",dinosaur,animal
is the little pink dinosaur crying egg-shaped tears ?,dinosaur,animal
again the roar of the winged dinosaur echoed through the mirror from his mother 's side and was answered by the beast on his side .,dinosaur,animal
this dinosaur is known only from a partial fragment .,dinosaur,animal
you could hide a dinosaur in there .,dinosaur,animal
"she told him , dont forget my dinosaur !",dinosaur,animal.nfs
"because , although it would be exciting to re-create a dinosaur , it was n't exactly a cure for cancer .",dinosaur,animal
"jenks had put a heavy layer of dust in the mix already , but a top dusting would flash it all into flame faster than any petroleum product made from dead dinosaur .",dinosaur,animal
i was so hungry at this point i would have happily eaten a dried out pig 's ear .,pig,animal
`` i 'm sorry i called you a pig . '',pig,animal
"she moved close enough for him to decipher that she had consumed her fair share of roasted pig and sherry and whispered , `` it could be better , if you gain my meaning . ''",pig,animal.food.c
"chandler finished off his plate , which consisted of half a pig 's worth of bacon .",pig,animal
that wild pig may have cracked your ribs . '',pig,animal
"anyone who kills the pig , will be fed to the ants .",pig,animal
"the pig turned round , holding the womans arm in one of his trotters , revealing that he was a police officer .",pig,animal
"as the tiger readies to open the belly of a wild pig shes just killed , the squad leader quietly drops to his knees , then lies on his stomach .",pig,animal
"`` occasionally , they used to sell me to other wizards -as one might sell a cow or a pig .",pig,animal
"i called su wei , but no one answers except this pig .",pig,animal
"she 's really excited about the pig , '' he said , shaking his head .",pig,animal.nfs
"we could have breakfast in bed- '' `` ooh , yes , and you can read us the peter rabbit stories like you used to , '' said caroline , who had the pink crochet pig on her lap .",pig,animal.artifact.c
"`` i found this cat wandering around , and i was wondering if you 'd recognize who his owner is . ''",cat,animal
"andrea and adam live with their cat , joybell , in boise , idaho .",cat,animal
the little cat lay on its side .,cat,animal
there was no barking dog or hidden cat waiting to pounce .,cat,animal
"within a few minutes her cat nature decreed that what could not be changed and was not repeated ceased to be of interest and could be forgotten ; but her territory was close by the cave and the breeze was blowing towards her from that direction , carrying something that was more intriguing than an isolated gunshot .",cat,animal
`` i think zachariah just stole our cat .,cat,animal
"i saved him from a cat , you know .",cat,animal
"perhaps with a sprig of dill , the cat added thoughtfully .",cat,animal
kanade stood and held the cat to her chest with a bright smile .,cat,animal
"`` coo-eee , `` she called out , sounding just like brenda does when she calls her cat .",cat,animal
"`` petey will eat that cat as soon as he sees it , '' david said .",cat,animal.food.c
i told the cat .,cat,animal
a cat can not fly .,cat,animal
"the sound of escaping air was the same sound captain scarburg and clem had heard as they stood in the midnight darkness , miles from anywhere , in a deserted cow pasture forty miles north of dallas , texas .",cow,animal
`` maybe the cow got caught in the rain .,cow,animal
"`` unless you 're concerned about a stampeding sheep or cow , i 'm perfectly fine .",cow,animal
"ronan did not poke the cow 's eye , but he did brush a finger through her soft , unblinking eyelashes .",cow,animal
but he had wanted much more than terror from his captive cow .,cow,animal
when i was fifteen james campbell stole a cow from my uncle fergus .,cow,animal
they doped every cow until all the parasites were gone .,cow,animal
"he flicked the cow and , once more , the big animal lurched forward to continue their journey .",cow,animal
a grading system is valuable in the cow industry .,cow,animal
"the fried snails , the sour crab roasts , the cheese-stuffed duckling and the fermented cow tongues brought memories back to alysse , but that was all they did .",cow,animal
"`` i did n't know a cow could kick anyone that far , '' said digger .",cow,animal
they left the cow behind and continued on to the largest of the barns .,cow,animal
"near him grazed an aurochs bull with a cow and a calf , close beside a lone rhinoceros asleep in a dust-hole .",cow,animal
what i meant to say is that my cow has killed yours !,cow,animal
"for some reason butterfly wings brushed insistently at her stomach , and she was instantly nervous .",butterfly,animal
"as i stared at him , the butterfly moved from my chest to my stomach .",butterfly,animal
she felt like the hungry caterpillar that buried itself deep within its cocoon and emerged as a radiant butterfly .,butterfly,animal
"maryellen watched katie chase a butterfly with her grandfather , who kept a close eye on her .",butterfly,animal
"for whatever reason , warden had n't told her about the butterfly .",butterfly,animal.nfs
he 'd only meant to tease a little since he 'd already seen that butterfly .,butterfly,animal
she picked up the dead butterfly and marched back toward the huts .,butterfly,animal
izzian blanched and quickly looked around to see of enot or gala had seen him freak out over a butterfly .,butterfly,animal.nfs
i would prefer a comparison to a scientist who discovered a new species of butterfly .,butterfly,animal
the butterfly danced and landed on the plant near kyle roberts and a smile crept across his lips .,butterfly,animal
did he see a butterfly and get distracted ?,butterfly,animal
"the monarch butterfly migrates directly through a spot on allingham island , answered the pastor .",butterfly,animal
"if you have ever seen a bird chasing a butterfly , and if you can imagine a more than gigantic bird chasing two perfectly insignificant butterflies among white mountains , then you can just begin to imagine the twistings , dodgings , hairbreadth escapes , and the wild zigzag rush of that flight home .",butterfly,animal
"i punched through stations with the remote until i found the local news , but it was nearly 8 a.m. and the only story featured was something about a dancing penguin who wrote opera .",penguin,animal
"the background was the ysu penguin , the mascot of the college team .",penguin,animal
"`` hey , i got a penguin from antarctica . ''",penguin,animal
irish looked at the six foot penguin .,penguin,animal
"the elves avoided his gaze then a penguin appeared , waddling up like it belonged here at the north pole .",penguin,animal
"he looked as if he would have been happier anywhere else , even at the south pole , addressing a penguin convention .",penguin,animal
"one of these days , i 'm gon na set up a flamin ' ice rink in our yard so she can have a pet penguin . ''",penguin,animal
the jackal stated emphatically poking the penguin in the chest .,penguin,animal
the tv blared gaudy music while a penguin and hippo sang on a pirate boat .,penguin,animal
"`` oh , and she brought you back a penguin . ''",penguin,animal
i went straight to the cove to check on the penguin nest .,penguin,animal
"she won two more times , tossing a stuffed penguin to a little boy , then keeping the other white thing for herself .",penguin,animal.artifact.c
"outside the window , a giant penguin peeks in the window and then walks away .",penguin,animal
"there was a pigeon sitting on the window sill , but the hearth was filled with peas .",pigeon,animal
"it was approached , humbly , by statues of a horse , a dog and possibly a carrier pigeon , though amanda had never ventured close enough to be sure .",pigeon,animal
"he could see daniel 's pigeon chest struggling for breath , hear the faint wheezing .",pigeon,animal
"when answered , he said , we seem to have it under control ... yes , have a pigeon , if we need one .",pigeon,animal
at every town send me a pigeon .,pigeon,animal
i took the pigeon cage outside onto the patio and opened it .,pigeon,animal
"although all i did is relocate myself into this pile of shit , he crossed the bridge ; he saw some fat pigeon which was having a hard time taking a further step .",pigeon,animal
"a lone pigeon wheeled free of the flock and , at bagabond 's command , sent itself soaring high into the sky .",pigeon,animal
"when just making the dish for monsieur chris and eian she often used pigeon instead of chicken , but some tourists balked at eating pigeon so she would use chicken instead .",pigeon,animal
"lofting awkwardly into a low tree branch , the pearl white pigeon paused , then launched herself to another tree .",pigeon,animal
"miss peregrine turned toward him and squawked , then looked back at the pigeon and squawked louder .",pigeon,animal
"she wrenched at the wheel , to avoid a pigeon sitting in the road , and nearly put the car in the hedge .",pigeon,animal
the pigeon burbled liquidly back at her .,pigeon,animal
"before she could get her fingers around it , though , miss peregrine severed the leash with a quick slash of her talons , clamped down with her beak on one of the pigeon 's twiggy legs , and bounded away , the pigeon screeching and flailing .",pigeon,animal
a thousand pounds of gold and an ordinary pigeon ?,pigeon,animal
he had noticed earlier that the barmaid was definitely a mammal .,mammal,animal
"i should like to extract those bits and see if that induces more profound emotion , if it brings forth a rise of feeling from her , for in the confusion of primal panic , she would most certainly paddle helplessly as would any lung-breathing mammal lost at sea , who has been deprived of its own ability to swim , in the direction of the nearest drifting bit of wood debris swept in by the riptide .",mammal,animal
they also mention that it will try to mate with anything mammal it can secure long enough to achieve a climax but fail to note that the product of such union usually survives to serve the upir . '',mammal,animal
"much of the coast is ancient granite and volcanic remains , and much of its rocky core is old limestone , formed from the remains of tiny sea creatures that led happy lives nearly half a billion years ago , back when ireland was located near the equator and no mammal had yet set foot on the earth .",mammal,animal
not to mention she was so hungry she could eat a small mammal all by herself .,mammal,animal.food.c
"earth syndrome miniseries biotynes : the small insects bred and let loose onto a planet , that destroy human and mammal life by the pirates .",mammal,animal
"through his blurred vision he glimpsed the shapes of spiders and worms , giant snakes and hunting cats , and things he did n't recognize , nightmarish beasts that mixed reptile and mammal and bird of prey .",mammal,animal
"six zips across the water , skimming the top like some water-borne insect , and beside her , going twice as fast , is a platypus-shaped mammal with long white hair and a beard-i have no idea what animal bernie kosar 's copying .",mammal,animal
"no mammal , big or small , seems to have any real immunity at all .",mammal,animal
"he asks baldwin , eyes focused unwaveringly on the small mammal gobbling up the oversized ants .",mammal,animal
"all he could see was the misty outline of some sarcophagus on a plinth , and distantly the bones of an extinct giant mammal .",mammal,animal
"jenn likes hunting with rann , ira , bartholomew , tok and ty or at the farm planet riding some wild mammal .",mammal,animal
"the mammal herded him back to me and jack , in the same way a cowboy rounds up his cattle .",mammal,animal
"tomorrow , when he relives his evening in cringes , he will imagine himself as a reptile stalking a defenceless mammal .",mammal,animal
"the institute estimated that man had exterminated more than a thousand species of mammal and bird and insect-some casually , some with malice-between now and the distant present .",mammal,animal
"he looked for easy prey among the various grasses , a small mammal that might be inattentive or a half-eaten carcass that he could pinch .",mammal,animal
the dead robot was on top of miller .,robot,animal
the robot made his way to the stairs and looked around before he started up them .,robot,animal
"`` yes , but your chief concern is this robot menace . ''",robot,animal
"i might add that , as a robot programmed for police service , i am a student of human behavior under stress of emotion .",robot,animal
"mr. mclaren , this being his second time at steel magnolias , played host to his friend , both very amused by the fact that they had to look at the menu , as opposed to have their preferences mind-read by robot waiters .",robot,animal
"john played with the controller , making the robot run circles around jane .",robot,animal
he was still wondering what it meant when the robot attacked .,robot,animal
"take a robot with a wholly blank brain , a gravitonic brain , without the three laws or the new laws ingrained into it .",robot,animal
"she opened up the plastic shrink-wrapped robot , installed its batteries , and sent him careening into the bathroom .",robot,animal
"he was not really getting anywhere and , as dr. fastolfe had indicated earlier , there is not really much use in cross-examining a robot .",robot,animal
the robot climbed back into the rail trolley as they accelerated .,robot,animal
"thus , a robot clamped into the frame could be spun and swiveled and rotated into whatever position was most convenient to the roboticist doing the work .",robot,animal
"its the fuuuuuture , let 's all call our characters robot names or warlock sounding incantantions !",robot,animal
"`` a robot is a human artifact , as much as this viewer is .",robot,animal
he walked about a hundred meters or so and then stood and waited for the robot to come to him .,robot,animal
"the strain was compounded by the effects of her victim 's invention , an electro-clarifier , i believe it was called ... '' lodovik realized that this ancient robot , built many thousands of years ago to repair other robots on aurora -- and the last of its kind still functional -- was reacting deep in its programming to their convincing human forms .",robot,animal
"`` you look like you just swallowed a bug , '' she said as she peered at him .",bug,animal
"the bug was n't sophisticated enough to escape , but it would keep skittering about inside its new prison .",bug,animal
"and i love the view when you lean over like that , and i get the most excellent look of your- '' `` harry , i see a bug . ''",bug,animal
"that is a jumping bug , he considered , examining the strange green creature with long , spiky legs .",bug,animal
"so far , id already taken out the bug catcher and some clothes , as well as a candle making kit .",bug,animal
"looking over his miniature shoulder , ty noticed a bug on the roof of the truck .",bug,animal
"they could see a new kind of bug above them , and they had big rocks in their claws .",bug,animal
"10 i walked yet another slow circle around the bug , then another circle around the miata .",bug,animal.location.c
"i tossed the sandwich away , but then i noticed a bug was crawling on it eating it , i guess .",bug,animal
"it isnt long before the conversation delves into the photosynthesis of the turning leaves , the geopolitical maneuverings of world despots , anything in scientific american , whale or bug anatomy , and the quantum physics of skateboard or bicycle dynamics .",bug,animal
i cant keep quiet when she gave me an opening a giant mutant bug could walk through .,bug,animal
"of all of our skill sets , linguist seemed at the time most expendable .",linguist,human
another linguist was sent the proofs of his new book on language contact that were so poorly typeset and the graphs and transcriptions so badly mangled that they interfered with the software systems of the ship and it crashed into a moon .,linguist,human
the linguist and the biologist went back to explore the tower .,linguist,human
"part of dads fascination with borrow was that he too was a gifted linguist , although there were few other respects in which they enjoyed any resemblance .",linguist,human
"despite his solitude , the warlord was a skilled linguist and had little trouble socialising .",linguist,human
"on day number two , at night , rupert had sat down , with a very silent alejo , and presented the crazy plan in which she , a flabby linguist from montana , would become part of the organization rupert worked with , called ci .",linguist,human
it seems the french linguist separatists wont speak english .,linguist,human
perhaps you just need a linguist .,linguist,human
the killer must be a linguist .,linguist,human.nfs
perhaps he had tried to kill the linguist .,linguist,human
"`` but mere curiosity , even an intense or a singular curiosity of the kind to which you confess , could not be construed by even the most lax linguist as a necessity or , as you put it to mrs. bratton , `` a matter of extreme importance . '' '",linguist,human
"dak stared at the linguist , a guy who 'd sneakily become one of his best friends .",linguist,human
"but the linguist had clearly already been ensnared by the tower , by the words of the crawler .",linguist,human
logan was no linguist but he was smart and had travelled a lot .,linguist,human
"to the left , elsie kastner , the team 's linguist and graphology expert , sat in her own room , hunched over parchment documents .",linguist,human
"once she 'd figured out she was a psychic linguist , she 'd honed the talent to her present level of expertise .",linguist,human
beth johanssen is a great programmer .,programmer,human
but what the fuck would a computer programmer be worth out here ?,programmer,human
"it was half an hour after the end of day shift and the tables and booths were filling up with communications , electronics , and programmer techs .",programmer,human
"as one programmer put it , `` trying to program distributed intelligence is like telling a five-year-old kid to go to his room and change his clothes .",programmer,human
"good questions davina the first i can answer : the nanopean man on whom all others were built was a thin , 6 foot , 20 year old computer programmer from shanghai .",programmer,human
"not that i 'm complaining , you 're the best programmer i 've got .",programmer,human
"all is what we perceive it to be based on our senses , which are almost certainly deceiving us in ways one would expect from our programmer .",programmer,human
the programmer on the ground nodded his agreement and gulped .,programmer,human
"it was a translated blurb from the nikkei shimbun , the japanese equivalent of the wall street journal , stating that the japanese programmer ensei tankado had completed a mathematical formula he claimed could write unbreakable codes .",programmer,human
they killed my programmer friend - saying no one would even miss the conspiracy nut - but they did n't kill me .,programmer,human
the programmer has disguised his address so it appeared that it was coming from a trusted computer on our network .,programmer,human
`` they were trained by a programmer who defected from your country a few years ago .,programmer,human
"most places have a human programmer who supervises the equipment , but otherwise , the cafe is nearly empty , just us and a couple of others across the room .",programmer,human
"so he decided to built his own machine , kevin continued and turned to selena : when you were in a coma , my uncle mentioned an obsessed programmer .",programmer,human
which programmer are you referring to ?,programmer,human.nfs
`` she would n't have sacrificed her own programmer too . '',programmer,human
he drove several blocks away from the agency and entered the student hangout area of the city ; it was always easy to tell you had arrived by the smell of the coffee aromas permeating the air .,student,human
it 's not that hard to imagine that she 'd mistake one student for another . '',student,human
"professor adolph dickler watched his young student perform her assignment with perfection , and felt his tension build towards the breaking point .",student,human
"the hype around the prince had still not died down , and even i had to admit he had incredible patience , considering how he was effectively stalked by half the student population .",student,human
a beaker and bunsen burner is located in front of each student .,student,human.location.c
"so he escaped as fast as he could , bringing tyler , his favorite student , with him .",student,human
"you 're not a scholar , not even a student , only a zealot with no sense of reality .",student,human
"langdon said nothing , preferring that a student make the correction if possible .",student,human
"when dinah tried to translate his witticism , she asked dinah where she had learned japanese and was told that she had spent half a year as an exchange student in kyoto and had had a wonderful time .",student,human
in talking with the student merlin discovered that he had cut quite a swathe through the women in his village before being volunteered for the occult program .,student,human
"master rohaths curiosity had been piqued , so when the next year a third student had appeared , wearing a guardbrace over his right shoulder , he finally pulled the pupil aside and asked him about the armor as clearly it was being worn as a symbol of status .",student,human
`` there are complexities to the levels and every dyslexic student is different .,student,human
she was the only student in her grade that was allowed to take algebra and she was determined to prove she could excel at the task .,student,human
"now that i think about it , i even remember the first black student in my classroom at harbortown elementary .",student,human
the student that was ahead of luna got his scores and bowed out of the ring .,student,human
"beneath his role of student , michael has other obligations ; primarily , acquisition of the next viable prospect for his exclusive group .",student,human
"it doesnt take a genius to realize that when it comes to reikoku-sensei , the first thought that comes to your mind is not the right one .",genius,human
i doubted that i was much of a creative genius .,genius,human
"but mortals can`t fathom our genius , so instead they think these are being made by extraterrestrials .",genius,human
"if i am not mistaken , he was the genius behind her layout and colors for the presentation .",genius,human
"bunson and lacroix 's boys ' polytechnique was an evil genius training academy , sort of a sibling school to mademoiselle geraldine 's .",genius,human
"his hair and eyes , renewed in vitality , were no longer the hair and eyes of kane hailand , international phenomenon , jester and god , controller of light- these were the hair and eyes of jake , the luster-struck adolescent poet who had yet to ever happen upon the maddened piano genius .",genius,human
"yes , genius , they do , he says with a snort .",genius,human
"`` you do n't have to be a genius to connect those dots , '' anthony growled .",genius,human
"next to him was xavier becker , going to fat , a computer genius who had shortened research on improving the virus and the serum by five years .",genius,human
was the computer genius charitable with his goodnight kiss ? '',genius,human
"let them think i 'm a genius , that 's fine by me , they 'll recommend me to others , it 's how i get my customers .",genius,human
im not a musical genius .,genius,human
"jane helps him out of his shoes and says , `` tiny , you 're kind of a genius . ''",genius,human
hes a genius at tugging on heartstrings .,genius,human
"he was a genius , in more ways than one , and identified buses and bus stops like an old hand .",genius,human
"i cant speak for the lady , but ive been in love with melissa for five years .",lady,human
"lady maccon looked to her husband 's beta , gesturing at biffy with her free hand .",lady,human
it concerned a young lady .,lady,human
"all we know is that the lady found him in his bedroom , tied to a chair .",lady,human
an elderly lady in a flowered dress and large straw hat was sweeping around her front steps as they approached .,lady,human
i stay with my old lady here on the weekends and out on the island during the work week .,lady,human
"i was an eyesore next to matt and this fierce-looking lady , and again i had the distinct impression of being in a tiger enclosure .",lady,human
`` what kind of a gentleman would i be if i did n't walk a lady to her door ? '',lady,human
"no one could get cell reception , and i heard a lady say that all the cars on the road died . ''",lady,human
`` some lady brought me some snacks . '',lady,human
"info on ms. pierpoint , the lady of somewhat questionable virtue .",lady,human
"there appeared to have been a slight misapprehension , owing to his impression that the lady 's outcry was occasioned by some inopportune motion or speech of my own , rather than by the arachnid .",lady,human
"jason doubled over laughing on that one , though rebecca was far too much a little lady to yield to laughter over such a base subject .",lady,human
we do not talk about another lady 's endowments in public .,lady,human
`` i guess that 's why the lady made her spear mother ! '',lady,human
`` did n't anyone ever tell you that a lady never deserts her partner before the dance is over ? '',lady,human
we were tipped off about a terrorist group that calls themselves the rebellion that has formed downtown and may be in cahoots with disgruntled uptowners which would explain how they got a missile .,terrorist,human
"i found out later they were really close by , actually tracking this particular man because he was a well-known terrorist hiding out in india .",terrorist,human
"she rubbed her temples steadily and looked at the dolls , in a row on ralph 's desk and wired up like a terrorist 's bomb .",terrorist,human
"in spite of the situation , jarrard could not refrain from indulging his ego , and said indignantly , there is no question why i was brought here he knows my skills are critical to bringing the terrorist back .",terrorist,human
"his eldest son was a deranged terrorist , his daughters were imbeciles and mark an atrocious wanker .",terrorist,human
"based on his experience at sabra and shatila , razzaq the terrorist emerged .",terrorist,human
they intend to file a national suit in the supreme court within the coming months to argue for increased naval security along the dravidian-vengali border to safeguard against terrorist run-off from vengali space .,terrorist,human
"it took him a few more seconds to come around but when he did , i saw him take out his frustration and pain on abdullah as he roughly tried to eject the unconscious terrorist from the truck .",terrorist,human
our terrorist friends are excellent clients .,terrorist,human
"one terrorist was dead , but god alone knew how many had escaped .",terrorist,human
"there were also suspected terrorist cells in orlando , miami , ft. lauderdale and boca raton , florida but after he did his research on that area he was certain the fbi and other agencies were watching these groups very closely .",terrorist,human
in the morning ben told his dream about the terrorist wanting to blow up the train and that the forces of good had hurled him out of the carriage to a safe distance from the train .,terrorist,human
i am considered an armed and dangerous terrorist ; no wonder i was taken to the nation 's capital for questioning .,terrorist,human
"he knew from the intel he 'd collected on radovich that the terrorist had grown up on the streets in one of the poorest cities in eastern europe , where he 'd had to battle daily for survival .",terrorist,human
"as the familiar toyota rolled past , well under the posted 35 miles per hour speed limit , it became clear to nonutz that this terrorist was well past all things un-american .",terrorist,human
everything i 'd saved as a teenager had gone into the purchase of my little house and all the furnishings inside .,teenager,human
but that stuff just made me a teenager .,teenager,human
"a teenager with hair down to his shoulders and a goatee was waving at bart , who braked to a halt .",teenager,human
"their leader was trying to make some kind of bizarre point to a teenager , forcing him to decide whether i lived or died .",teenager,human
all three of us charge the sneaky teenager .,teenager,human
"there 's no great excuse for why i would n't have mentioned this to her , so i play the dumb teenager card .",teenager,human
"she had grown up over the summer , she was n't the awkward teenager i first met , and she was becoming a gorgeous young woman .",teenager,human
"now im doing it , and you are getting on me about it like im some teenager who missed curfew .",teenager,human
"i asked , allowing myself to feel the excitement of a normal teenager for a moment .",teenager,human
"sure enough , the metal door to the room i 'm in starts shakes as it is being unlocked and a disheveled looking teenager comes in with a gun pointed at me .",teenager,human
she was dressed in one of her prettiest outfits and macallister felt a rush of parental pride and a feeling of wonderment that she had made the transition from teenager to womanhood without him being really aware of it .,teenager,human.event.c
"despite the odds , gantros had seen something in the impetuous teenager that sparked the bonding and , fortunately ; ryans potential had been high enough to overcome the difficulties .",teenager,human
we go to check in at the registration booth where a skinny teenager with a liberal peppering of freckles on his face tells us that all of the lanes are full .,teenager,human
i 'm not ready to parent a teenager . '',teenager,human
"other than me , the teenager , and the young girl , there was a good chance everyone in this room had children they would never again lay eyes on .",teenager,human
"his face tightens at this insult , but because he 's a coward , he turns on his heel and walks away .",coward,human
"i never took you for a coward , abigail ... if thats even your name .",coward,human
"the regent had shown his true self : whether a coward or an envier , he did not know .",coward,human
or maybe it was just her being allergic to the word coward .,coward,human
"though her heartbeat sped up , thumping erratical y , she did n't back away , would n't act the coward .",coward,human
to be obliging and polite does not necessarily make a woman a coward .,coward,human
he 's a bit of a runner and more than a bit of a coward .,coward,human
"however , i was many things , but a coward was n't one of them .",coward,human
`` you are turning into a coward . '',coward,human.nfs
"instead , he took the coward 's way out and used logan .",coward,human
"the coward in me wanted to , but i knew that if i tried , i would be as miserable as persephone had been , and i did n't want to be miserable anymore .",coward,human
youre working for a liar and a coward .,coward,human
he was none of those things now : he was a potential cheat and a coward .,coward,human
"within minutes , i was driving in the hunters ' black suv , with the hunters ' wallets in the passenger seat beside me .",passenger,human
"the buildings and the look of the rank astonished her.wow , almighty good , the rank looks perfect she murmured to the passenger in front , she sailed through the people to the waiting rooms , and she entered the rooms and found a seat and relaxed before she called her friend .",passenger,human
she had managed to hide her answering grin to the joke by looking out of the passenger window .,passenger,human
merlot snuck into a back seat and as the final passenger clambered in and slid the door closed .,passenger,human
"first as lippy drove past our 20 and then as we pulled out behind him , this silhouette driver pistoning out his right arm , his right fist connecting again and again with the side of the passenger 's silhouette head , too busy-busy-busy to realize the fuzz was crawling right up his tailpipe until george hit the reds .",passenger,human
"what infuriated the passenger most was that talpyiot was important , but not for the reasons the people who guarded it so closely thought .",passenger,human
"no one would want a car whose last passenger had , literally , lost her head when the impact catapulted her right out that busted windshield like a cannonball .",passenger,human
the floating post was a good deal different-looking from the passenger dirigibles alexia was accustomed to utilizing .,passenger,human
"the bay doors under the passenger vessel churned open and the magnetic locks keeping the craft in place turned off , letting the ship drift down from under the hauler .",passenger,human
"his passenger sat higher , manning a swivel-mounted assault rifle in the rear , gyroscopically stabilized .",passenger,human
"whenever you rode in it , he had to move stuff off the passenger 's seat and throw it in the back .",passenger,human
"ten minutes later , the front passenger door opened and slammed shut .",passenger,human
"after george put him in the back of the car , he walked around to the passenger side and daniel opened the drivers side door .",passenger,human
the total effect was a ghostly orange outline of the dimensions of the passenger cabin .,passenger,human
brenda put the book back on the passenger side seat .,passenger,human
he asked as she veered to the passenger side .,passenger,human
"in the enclosed space of the tunnel , he could smell the alien ; it had a heavy , musky odor , like olive oil , like cloves , strange rather than unpleasant .",alien,human
the third alien went into an enormous building with elaborate statuary across the facade .,alien,human
brick turned to his left to see a stereotypical 1950s alien sat down .,alien,human
`` i was n't joking when i said i was an alien . '',alien,human
"i utilize the remainder of the cranial cavity for my own uses , answered the alien scientist .",alien,human
galvin the alien ran up the ramp and went inside the ffats spaceship .,alien,human
ben is playing some alien shooting game when i walk up to him .,alien,human
"if this alien says who he says he is , i have to help him convince the masses .",alien,human
"eden is an alien and my employee , and therefore i am her protector .",alien,human
after a couple more hits the alien inside him gave up ; it had completed its task .,alien,human
"upon seeing the bright colors of the flashing lights up close , gastonish recognized she was not familiar with the alien space crafts .",alien,human
was that an edge of distaste in the alien 's voice ?,alien,human
like the alien visitors or the cerberus hounds or perhaps the vampires ?,alien,human
how could i have known it would be a humanoid alien ?,alien,human
"ya know , i should capture and torture the alien into giving me all that vip data , giggling silly .",alien,human
"but , in spite of mr. german 's optimism , things were clearly touch and go .",german,human
"and not a german : not that beery , barley , potato odor that most german men gave off .",german,human
"patience and compassion for crying and unruly children , an ancient virtue of the german family , was absent .",german,human
"`` i do n't think they 're german , '' roger said .",german,human.nfs
the german was looking at the spaniard who was putting the syringe in his backpack .,german,human
"he 'd approached this man over a year ago , after learning of his connection with that fifth german who 'd been there in september 1943 .",german,human
"i had a feeling i had not found the hairy handed german i was in search of , the emotions running through this body were far easier for me to interpret than his had been .",german,human
"what would those be , mister german guy ?",german,human
"i was first sergeant lukas danielewski , company a , first ranger battalion on reconnaissance in german occupied poland in 1942 when i had the misfortune of encountering three gestapo agents interrogating my angel .",german,human
"he ordered the german and matthews to accompany him to the reception area , and the car moved to the entrance .",german,human
the german was not impressed .,german,human
"the german paused , nodded , said danke , and put his hand out to take the cigarette .",german,human
"`` if you want junk food , we 'll order pizza , all right ? ''",pizza,food
"he thought back to the night before , when they 'd all sat there and eaten pizza like the starved people they 'd been .",pizza,food
`` are you telling me most women you take out for pizza do n't require bodyguard services ? '',pizza,food
"`` i 'm really starting to miss pizza , '' i said , as i took another bite .",pizza,food.nfs
watching a pizza being devoured was sort of like watching a plane coming apart in midair on those old wwii gun camera reels .,pizza,food
"stella stops with a slice of pizza halfway to her mouth , ranch dripping off the end onto the table .",pizza,food
`` i understand the pizza business is doing you no favors these days . '',pizza,food
"`` dinner , '' she says , holding up a white cardboard box , `` obviously pizza because what else would you want ? ''",pizza,food.nfs
he nursed a second glass of milk and watched paul consume his pizza .,pizza,food
she even relents and accepts one of jeffs beers to wash the pizza down .,pizza,food
"he reached down , like a young arthur , and pulled the two pizza boxes back out into the swirling air .",pizza,food
"and kelly totally loves pizza , too , so there .",pizza,food.nfs
"i never imagined anything as delicious as fish and chips , pizza , sweet and sour chicken .",pizza,food
"for richards it was the first real food , other than greasy pizza wedges and government pill-commodities , that he had eaten in god knew how long .",pizza,food
i 'll bring pizza . '',pizza,food
"not really , my lord , thats when they threw the kebab at us .",kebab,food
`` cezar was just about to make a shish kebab out of levet . '',kebab,food
"on a succession of dusty seats designed by sadists , and through further delays and cancellations , through half a dozen remote , rushed and missed connections , through an octoberfest throng of kebab munching drunken tourists in mock leather trousers , pleated dirndls and bulging cleavage , he gradually made it back to civilisation , finally back through the event horizon and into the light .",kebab,food
"neil rhymed off the order , asking for a kebab with the special stuff for himself .",kebab,food
"eating her kebab , sam watched in an almost detached interest as a screaming magda shot up from the lounger beside ours , patting her hair .",kebab,food
to distract himself he reflected on his previous recent visits to the kebab makers .,kebab,food
"ordering a lamb kebab , french fries and a coke he casually remarked , `` life can be good , even if there are crazy people in the world . ''",kebab,food
"ill have a burger and chips , and shell have a kebab and chips .",kebab,food
"i knew what drooling meant , from my earlier experience outside the kebab shop .",kebab,food
i 'm going to get a kebab .,kebab,food
"one man is selling candy , another cooking kebab ... theres even a wedding shop .",kebab,food
"dave lay in his bed , alone but for the stale smell of leftover kebab and a subtle undertone of smoke machine .",kebab,food
"i bite into the kebab , chew and swallow .",kebab,food
"and , '' i added after swallowing a bite of rice , `` how long have you been here ? ''",rice,food
"the europeans craved the salt these days , and the nutty , brown rice it was packed in .",rice,food
"lin ming filled a bowl with rice and handed it to redding , and then only partially filled another bowl for herself .",rice,food
"and there were big sacks of potatoes and onions , smaller ones of oats and rice and a string of garlic .",rice,food
"`` i think , '' nono said around a mouthful of mushrooms and rice , `` that maybe they will need people like you out there . ''",rice,food
"then he said , pour the rice from the bowl into the tray , and examine carefully .",rice,food
we must find out who really needs the rice . '',rice,food.nfs
without breaking stride one server scooped two helpings of rice into the cup and the other covered it with two ladles of vegetable curry .,rice,food
"seven lucky logs to be given one pig and all the rice he can carry , because he is now one lucky peasant .",rice,food
"heading by car up towards ubud after travelling along the coast a bit from sanur , getting the driver to wander roads into villages and stop so wil could walk alongside rice paddy fields and photograph their imagery with coconuts in the background .",rice,food
"she gulped down her mouthful of rice , took another drink of milk .",rice,food
"they had 100 pounds of canned tomatoes , 100 pounds of canned mangos , 100 pounds of canned pears , 300 pounds of flour and same for pasta , 100 pounds of olive oil and corn oil , 500 pounds of rice and potatoes , 1,000 cans of condensed milk , 1,000 cans tuna , 100 pounds of smoked fish , 500 pounds of salt beef , 100 bottles of whisky , 400 pounds of chocolate , 1,000 pounds of sugar , 100 pounds of tea , 100 pounds of coffee , 100 pounds of soap , plus plenty of razors and iodine , bandages and splints for broken arms and legs ; they had no end of miscellaneous items which 29 people would need to survive in the wilderness for several months , such as 500 gallons of kerosene and 5 chogalisa stoves ; fodder for the horses in the form of a ton of oats and 400 pounds of dried apples had to be taken .",rice,food
"when the waiter had re-filled her glass and disappeared once more , nazar unfolded the napkin and spooned some sort of rice or grain dish onto his plate , placing a juicy meat mixture on top of it .",rice,food
"the harvest season had begun: cabbage , beets , bok choy , tomatoes , as well as the usual rice and chili peppers .",rice,food
`` i hope salmon with rice and asparagus fits the bill . '',rice,food
i ordered black bean soup and rice at the restaurant .,rice,food
"she led tim to the kitchen , talking non-stop while preparing an omelette and coffee and arranging dishes on a small kitchen table .",omelette,food
"the omelette is already on a plate , and now he adds the bacon .",omelette,food
so i decided to make him an egg white omelette .,omelette,food
"said moist , who 'd settled again for an omelette , made by peggy .",omelette,food
"after a short debate , we agreed that we should just go back for the eggs and rustle up some kind of omelette , the likes of which maldroth had never tasted before .",omelette,food
"`` you would have laughed if you 'd seen me , '' she said , `` baking fresh squash muffins at four o'clock in the morning and slicing mushrooms for an italian omelette at four-fifteen and starting in with the makeup at four-thirty just to be sure , absolutely sure that jan would n't get going with that 'are you sure you feel all right , mother lois ? ''",omelette,food
cath nodded and folded the omelette in half .,omelette,food
"yes , come and eat your omelette before it gets cold .",omelette,food
"it was five a.m. and his breakfast , a chicken-sausage and reconstituted egg omelette , was already starting to repeat .",omelette,food
is there something i should know about this omelette ?,omelette,food.nfs
he grimaced at the thought of what an egg-white omelette would taste like .,omelette,food
"as their meal got underway , ernest retreated to the kitchen and made his own breakfast of leftover omelette and toast .",omelette,food
he did not cook this omelette ; he ruined it .,omelette,food
she put the omelette and toast in front of him .,omelette,food
"five `` avocado , salmon , and cream cheese , '' flynn said as he slid a plate loaded with the world 's biggest omelette in front of me .",omelette,food
you really can put anything you like into an omelette you know .,omelette,food.location.c
"she sipped a little of the beverage from a plastic motel cup , and ate a generous portion of sweet and sour pork .",pork,food
"similarly , there were four jewish and one polish butcher , corresponding roughly to their proportions in the population , since polish cuisine required pork products ; three polish and two jewish food stores , since the latter couldnt sell non-kosher products ; two polish wine stores , since jews drank little wine except for the sabbath dinner , but both a polish and a jewish beer distiller and only a jewish soda water vendor , since that was a jewish delicacy .",pork,food
"the camp was a-bustle , drums rattling up and down the aisles of tents , summoning the soldiers , and the air was full of the smells of baking bread , pork , and hot pease porridge .",pork,food
"on sunday , he religiously rose early and went to church with his wife , and sometime after , he religiously struck her across the face for drying out the pork roast , or undercooking the haricot vert , or making the custard too soupy .",pork,food
"for supper they had platters of rice , pork in its gravy , roast fish with freshly dug ginger , breadfruit and more wine and after dark continued drinking and talking by rush light until pigafettas sin of eating meat not merely on a friday , but this most important of fridays , seemed not to matter at all .",pork,food
"jude got a bowl of murky brown soup , a meatless and nearly tasteless concoction the whole crew just called the runs , while valencia opted for a plate of half-rotten greens with a slab of fatty meat that was possibly pork .",pork,food
"the best pork pie we ever tasted , our fat friend would have us believe . ''",pork,food
"seems a little crazy to me , seeing as how that stuff ai n't half the taste of that can of pork and beans he 's clutching like a little girl holds a dolly .",pork,food
"all the while , the house burned , filling the air with acrid black smoke and the smell of hot epoxy and cooking pork .",pork,food
"miss callie knew the chicken and pork would be sub-par , so we both ordered chili .",pork,food
i was filthy with grime and reeked of pork and barbecue sauce .,pork,food
"the farmers have no use for pork , and the pigs are destructive to crops .",pork,food
"i think of the pork in the brown sauce i ate for dinner last night and the memory of it makes my stomach wave and flutter , like there 's a small feral animal trapped inside .",pork,food
"newspaper ads , untraceable e-mails , and throwaway cell phones were some of fletcher 's standard ways of booking jobs , while the mention of pork prices was one of his codes .",pork,food
"he picks up a fork and knife with impeccable etiquette , then cuts a small piece of pork .",pork,food
"the pork was ready and i maneuvered it onto a tray , patsy cline watching every move .",pork,food
"jennie spun around and headed to the galley , where she would grab a handful of beef and eat voraciously while going to her next duty station , reviewing electrical subsystems that fed into the hook drive .",beef,food
a man with a pale face and sweaty complexion was doubling over his ample gut and splattering both boots with a warm breakfast of cornmeal and beef .,beef,food
"the sizzling platter of thinly sliced beef , onions and peppers gave off a spicy cloud of steam .",beef,food
"pulling on the boxers , salvatore settled on the bed , leaning against the headboard as he took three of the roast beef sandwiches and wolfed them down .",beef,food
"he was going to start with an asparagus soup , then a fish course of marinated salmon followed by fricasseed quail , and finally the roast beef .",beef,food
"it was met with some confusion and a great deal of delay ; when the beef was at last delivered two hours later , it was presented in the form of a false cow , the meat having been roasted , stuffed with grains and dried fruit , tied up with string , put into a wrapping of dough , and propped up on legs made of sticks ; the head was a separate lump of meat , adorned with horns made of bread .",beef,food
"the twins had fat bacon , eggs , greasy sausages , mushrooms , slimy beef , hash and dismal toast what was commonly referred to as a full european breakfast .",beef,food
"`` i heard summer holland was back in town , '' isabella said as she stabbed a piece of roast beef with her fork .",beef,food
"hell , maybe he could start not eating beef on tuesdays or whatever it was you had to do .",beef,food
"that night at dinner as he chewed a bite of just past medium-rare grilled beef , gene watched maryellens plain nailed hands cutting her meat into small , precise bites .",beef,food
"`` i find it hard to believe that zod will ignore beef , but eat shoes . ''",beef,food
one time i got lost in the freezer section and had to spend the night with a lot of chilled beef and yogurt .,beef,food
he looked up as he cut his beef .,beef,food
the time to open the restaurant had come and guests were arriving when the beef came out of the oven .,beef,food
the specialty today was beef stew with six different vegetables and cherry pie .,beef,food
"she spread a blanket and weighed it down with the pack which held a bottle of water , two bottles of wine , a paperback copy of lawrence durrell 's justine , and a loaf of her best honey walnut bread .",bread,food
"he 'd gone for a walk , leaving behind a note that jet-lag had beaten him and he would be back with bread and croissants .",bread,food
i had a big mug of coffee and some homemade banana nut bread to have for breakfast .,bread,food
"`` their bread is really good , '' he assured me .",bread,food.nfs
i pulled out the cloth napkin full of bread that baron had placed in my knapsack .,bread,food
`` i guess i ate too much bread . '',bread,food
`` if the bread has ten slices then half would be five slices . '',bread,food
"he heard the hunger in her voice , and saw the way she watched the bread as though hypnotized .",bread,food
and bread mold might be medicine .,bread,food
"water , hard-baked bread , and dried meat were the staples of our meal , just as theyd been this whole stupid trip .",bread,food
"he raised his hand , realised he was still holding the bag of bread .",bread,food
"well , he squeezed down a dry piece of bread .",bread,food
does she like white or whole-wheat bread ?,bread,food
daniel prepared their meal of boiled oats and bread wondering what this vision meant .,bread,food
"the smell of freshly baked bread and seasoned steak attacked my senses , and i began to breathe through my mouth .",bread,food
"she was surprised by how natural it felt to stand over a hot fire , to pound herbs together with a mortar and pestle , to knead bread until it was just the right consistency .",bread,food.artifact.c
"i notice there is still a little cake left , but i look at karen and she is shaking her head , so i look the other way .",cake,food
"then we ate the cake , which-after two days of everything bars-tasted delicious .",cake,food
kayla plopped a piece of chocolate cake onto her tray as she moved down the line to the cashier .,cake,food
"we lied and gave her her cake and presents the day before , including the last unicorn on dvd , because i couldnt stand the thought of her vomiting up her cake .",cake,food
"`` you did n't have to do that , '' drew inclines his head towards the cake .",cake,food.location.c
`` would the horse thieves like some cake ? '',cake,food
"the headmaster 's study had a high ceiling , as white and perfectly decorated as a wedding cake .",cake,food
"home made rum cake for dessert , and a snifter of hennessy , but not much conversation .",cake,food
"i learned that if i wanted cake , i had to steal it . ''",cake,food.nfs
"they seemed to leap from the cake in my direction and attack me , their hairy legs grasping at my pale white skin .",cake,food.location.c
"having recovered from the night before , my mother 's in the kitchen making some crazy elaborate cake when i stomp in .",cake,food
"he turned to the old man , who looked up like a startled rabbit , his spoon hovering over his half-eaten cake , frozen on its way to his mouth .",cake,food.location.c
as they took their places a man brought a birthday cake and deposited it on the stage .,cake,food
"shed always made sure to save him a big piece of cake , or some of the pastry her parents loved to buy .",cake,food
"however no matter the temperature a cup of tea was essential , and besides you couldnt adequately wash down three slices of cake with a glass of water .",cake,food
tristan quickly began to make the chocolate panels that he would use to decorate the outside of the wedding cake .,cake,food.location.c
"dulcis , thought miles , remembering the name of fern groves world-renowned candy store .",candy,food
`` the celebration of samhain harkens back long before humans made a candy and costume holiday out of it . '',candy,food
she 's probably getting sucked into a timeshare by now or getting cotton candy stuck in her hair . '',candy,food
her eyes are wide and her cheeks are the color of cotton candy .,candy,food
"if colin and melisa thought the candy was so great , he was curious about what ted would say .",candy,food
"the candy had done nothing to improve diazs energy level , so he decided on a nap before dinner .",candy,food
she turns wide eyed like a child asking for a piece of candy .,candy,food
blue and pink cotton candy hung in the window of a cart .,candy,food
we breathe a sigh of relief when we hear no sign of candy or her minions .,candy,food
it was like taking candy from a kid .,candy,food
"then there was peter cottontail , the bunny who got children to worship the shape of the chicken egg by giving the children candy in that profane shape .",candy,food
"epilogue two months later new tornin , the kingdom of rothkalina lke taking candy from a baby ! ''",candy,food
"he set the liter bottle down and eagerly approached the shelf of candy miniatures , in the center of the aisle .",candy,food
murphy finished the candy bar .,candy,food.event.c
"he has a cigarette between his lips , is wearing a plaid shirt over a white tank top , and his hair is cropped short .",cigarette,food
"the cigarette odour wouldnt dissipate in a hurry so he walked down to the shed where he lay down on his camp bed , put classic fm on and went to sleep .",cigarette,food
"he 'd just put his arm back in the car after tossing a cigarette into the street , which had landed on the back of one of the journalists that formed a crowd there .",cigarette,food
i lit a cigarette and rolled down the window .,cigarette,food
bambi took a long drag of her cigarette .,cigarette,food
"the german paused , nodded , said danke , and put his hand out to take the cigarette .",cigarette,food
"he puffed on the cigarette , elevating the bandaged hand above his head .",cigarette,food
he puts his cigarette out in a leaf-shaped ashtray that 's in the center of the table and then pushes the chair back .,cigarette,food
"the cigarette felt strange between his lips after so many years ... too big , somehow .",cigarette,food
"i finished my cigarette , started another , donald drifting out of the room a moment .",cigarette,food.event.c
"oh , '' she waved her hand at the smoke from her cigarette , `` there 's plenty else .",cigarette,food
a cigarette dangled from his lips .,cigarette,food
you might find a cigarette there .,cigarette,food
he sat back in the same old armchair and smoked another cigarette and wondered about a lot of things .,cigarette,food
emily 's gaze fell to the cigarette .,cigarette,food
"she immediately dropped her cigarette and turned toward him , her stance defensive , prepared .",cigarette,food
"`` lead the way , '' tiearan gestured with his hands , and rain led him toward the apple orchard .",apple,food
"dembe took a large bite of an apple , put the core down in his bowl , and got more comfortable as he swallowed .",apple,food
"the resulting odor was a bizarre mix of smoke , apple , and nacho cheese .",apple,food
i turned around and gave andre a small smile and then bit into my apple and continued walking down the street .,apple,food
part of his thoughts were occupied with apple pie .,apple,food
"using craft and his thumbnail , daemon delicately peeled an apple .",apple,food
an apple cut in half by a guillotine .,apple,food
"i did , and he put a slice of apple in my mouth .",apple,food
"moonlight filtered once more through the apple trees , breached an opening among the leaves , and revealed her features in milky perfection .",apple,food
loved it the way you loved an apple so sweet you had to keep taking bites from it .,apple,food.nfs
`` i 'm surprised you did n't give him the apple just for that .,apple,food
"kino protested , let him i imagine an apple dangling from a tree .",apple,food
"i was especially fond of foods that could be dipped - tortilla chips , celery sticks , apple wedges , chocolate drops .",apple,food
"in one letter , written on the back of a brown paper sack , he details the way we will spend christmas when we have our own place : spiked apple cider by the christmas tree , raw cookie dough that we eat before we get the chance to bake it .",apple,food
"i grabbed a knife , ready to chop a carrot , but sylvie snatched it out of my hands , shooting me an awkward look .",carrot,food
"the man was leaning on the elbow of one arm , the hand of which was up and flat as though offering a carrot to a horse .",carrot,food
"ive heard of the carrot and the stick , but this one is the pizza , beer and the stick .",carrot,food
sandra poked me with a carrot before dipping it into a vat of blue cheese dressing and biting into it with a solid crunch .,carrot,food
she dips the carrot and slips it in her mouth again .,carrot,food
"my mom had packed fried chicken , potato salad , carrot and celery sticks , orange jell-o wigglers , which made sam clap his hands in delight , and rice krispies treats .",carrot,food
"a square root is a carrot that does n't know how to dance , right ? '",carrot,food
"there was a big knife on his counter , and a cutting board , but there wasnt a carrot , or any other food in sight .",carrot,food
he shrugged and stabbed at a carrot .,carrot,food
"he had one droopy ear , and he was always by himself , '' she said , smiling to herself at the image of a young tula trying to tempt a wild rabbit closer by holding out a carrot .",carrot,food
"the only problem is that the carrot dumping became a weekly event , and it 's really not funny anymore .",carrot,food
it was the carrot you chased and rarely caught .,carrot,food
"`` good , have one with billie , '' mitch replied , not seeing my carrot as tasty .",carrot,food
emily held a forkful of carrot just in front of her mouth .,carrot,food
"the meal is everything chisholm had said it would be rich , flavorful , full of hearty chunks of meat along with carrot , potato , and turnip .",carrot,food
"across the table , ryker 's plate was clean-after two rib eyes , three helpings of vegetables , three pieces of bread , and one huge baked potato with all the fixings .",potato,food
"but again , his eyes showed his surprise at the savory bite of potato in a creamy , garlic sauce .",potato,food
"rob came out and unpacked five gorgeous steaks , rub , and a big buckets of potato salad and slaw .",potato,food
"can you imagine it : me sitting with a potato in my lap , stroking it , talking to it , asking it about the news ?",potato,food
"the ashmont grille served the sort of food my mom used to make-meat loaf and potato and lots of gravy-and the waitresses all acted like moms , too .",potato,food
"he opened his mouth , paused , and then put a potato chip in it .",potato,food
no one minded if he dropped a potato .,potato,food
she didnt touch the broccoli or baked potato that had come with it .,potato,food
"with a little push , she put the potato in front of the duke .",potato,food
"it was n't exactly sweet potato season , but he 'd texted me to ask me specially , and jason did n't ask me for much these days .",potato,food
"`` hmm , '' he said , eating the potato skin .",potato,food
"eleven nos were mumbled into the dinner plates around the table , plus one mo mish from charlotte chalk , whose mouth was still full of mashed potato .",potato,food
"we had yorkshire puddings , mashed potato , carrots , peas , a breast of chicken smothered in gravy and i helped myself to a generous dollop of mint sauce and english mustard , which made jason screw his face up in disgust .",potato,food
"or an a-grade matured steak , medium rare with a healthy serving of sweet potato fries .",potato,food
"he was an insensitive jerk who did n't answer my calls or even bother to send a message , but i loved him .",message,info
i knew that who-ever had called before had left a message because my notification alert kept going off .,message,info
"if we allow him to cavalierly break the law , what message does that send to downworld ?",message,info
"i nodded , signaling mustapha to deliver the message .",message,info
freddy told him not to hate the messenger for the message .,message,info
"its message completed , the sphere disappeared , once again giving no indication who had sent it .",message,info
my mother 's text message was straight and to the point : `` how was your math test ?,message,info
the message center on her phone told her about a missed call .,message,info
"maybe she had been too spoilt in her last relationship , she thought as she closed the message and scanned her inbox .",message,info.artifact.c
"as i changed into something presentable , i booted up my laptop to check my email and immediately spotted a message from jillian .",message,info.artifact.c
"in the end , the message was simple : i love you .",message,info
"i could tell it was elaina calling from work by the ringtone , so i let it go to voice mail without listening to the message .",message,info.artifact.c
"dropping her feet to the floor , she opened the message .",message,info.artifact.c
"metcalf continued , `` senator gorman received an e-mail message from his son on the morning of the attack .",message,info
the message began to repeat .,message,info
"my phone beeped with another voice mail alert , followed quickly by the sound of an arriving text message .",message,info
i learned a great deal of information from that man .,information,info
their computers held a vast database of information on both commercial airlines and private charters .,information,info
he knows very well that the local gossip network has provided his coworkers ( and himself ) with appropriate information on more than one occasion .,information,info
i also added in wil 's bit of information about this aeson guy .,information,info
"i e-mailed colin foley , a quantum physics instructor i 'd once dated , asking for information on solar flares and potential transportational properties .",information,info
"and without any concrete information , anything we can glean from all this is just ... educated guesses . ''",information,info
apparently her stock had fallen far enough that she no longer warranted face-to-face delivery of information .,information,info
she has already volunteered a great deal of information .,information,info
"in my darkest moments over the following decade , regretting ever becoming involved with the cabinet , i took solace in the fact that without my efforts , much important and useful information would not have been made public at all .",information,info
i need a little more background information regarding namanda and her family .,information,info
`` you were digging for information ? '',information,info
"if we do this , you 'll be on the starlin board and you 'll have access to all the information you need to bring down this wretched organization .",information,info
"`` information is better than guessing , '' he said , feeding one of her pat lines back to her .",information,info.nfs
the only problem with the information was that there was so much of it .,information,info.nfs
she was totally focused on reviewing in her head the information about raymond 's family .,information,info
"whoever is stealing this information , these activists , they shall know what these leaders truly think of them , of us all , we rusty pawns .",information,info
i grinned to myself as i read the words of the poem i had written for her .,poem,info
"he found himself wanting to write poetry about how her blue eyes were like starlight and her hair like night , because `` night '' and `` starlight '' rhymed , but he had a feeling the poem would n't turn out that well , and tatiana had rather frightened him off poetry as it was .",poem,info
"you see , i found a poem that might be called a question .",poem,info
i do have to ask you about the poem or rhyme you repeated to us .,poem,info
read the poem like youre a natural crooner .,poem,info
"some of our residents can spend a happy half-day in their heads , you know , inspector : they think about their children when they were young , the jobs they had , family holidays ; like in that poem .",poem,info
"i assume that they did not get the poem , or that would have been the first thing out of your mouth .",poem,info
he sat and stared at the inconspicuous little ad beneath the poem until he heard elena at the door .,poem,info.location.c
"i did n't really want to , it was definitely a weird poem , but i had little choice .",poem,info.nfs
"though the poem was well done , and would have been ideal to present on a fading night before settling down to sleep , on this occasion it stirred only the most meager response .",poem,info
"make it a poem almost lewdly knowledgable and make its knowledge ooze , syrup from the punched trunk .",poem,info
`` i wanted to share with everyone something that i think is an excellent poem that was turned in for last week 's assignment .,poem,info
"`` no one is entirely innocent , '' joshua york replied , `` but the poem speaks to me nonetheless , mister jeffers .",poem,info
"first he tore the pages from the book of poems and crumpled each poem into a ball or a paper twist , which he pushed into the sticks of the shack 's wall at ground level .",poem,info.artifact.c
"on that blissful night , i composed a poem for lu .",poem,info
"langdon unwrapped the vellum , holding the cryptex in his hand while he examined the poem .",poem,info
a shot and a comment on the rumor of you and keira . '',rumor,info
"`` rumor has it , the friendly neighborhood reporter has been taken by one of the local brutes .",rumor,info
"joe had just confirmed a rumor that maso was considering another trip down here , his second in a year , and the fact that maso had n't told him himself did n't sit right .",rumor,info
"it had to be an old , false rumor .",rumor,info
"a couple weeks would pass , and rumor would spread that wayne was talking to eileen .",rumor,info
`` there 's a rumor going around about pharaoh gutierrez . '',rumor,info
chapter twenty-eight : sometimes it is better to hold it the conversations turned to gossip and rumor .,rumor,info
"second , he worked in the industry too , and that was just too tempting a rumor .",rumor,info.nfs
"`` i heard a rumor about that , '' mr. hardy said excitedly .",rumor,info
"`` rumor says , our friends plan games in a hidden bower . ''",rumor,info
theres a rumor a human knows about us and needs to be dealt with .,rumor,info
"who knows what 's true , and what 's a rumor , but either way it 's an excellent place to hide . '",rumor,info.nfs
either someone 's impersonating him or they 're starting the rumor to distract us from our purpose . '',rumor,info.event.c
"make it no more than another vague rumor , like the supposed aliens in hangar 18 .",rumor,info
"eddy was no help , but gil might have picked up a rumor or two .",rumor,info
"the landscape was definitely coastal , which lent credence to the latest rumor going around - that the order chummed the surrounding seas to attract great white sharks , ensuring no immortal could escape by water ... . as her eyes darted over geographic details , she tried to mentally prepare for her mission , reflecting on all she 'd learned from the dossier .",rumor,info
the one that contained the genetic data from the seeds originally planted in that field ? '',data,info
"he was deeply annoyed when people asked for him to provide a `` gut response '' before the data had provided any real direction : as far as caston was concerned , to go on hunches was to go off half-cocked .",data,info
"i cant , i have to shut this thing down or the emp will wipe all the data in richelieu !",data,info
when the data transference took place there must have been feedback from the bbc which streamed some knowledge into their brains .,data,info
i took all the data that you had on the murders of the artists and did a lot of legwork .,data,info
"anyway , i found my cure , but i never really forgot about the headache id had simply trying to gather data .",data,info
"then , as more dna sequence data was arriving , and she continued to review in her mind all the clinical data so far on the virus , she had a strange feeling .",data,info
we do n't have any data on their circulatory systems at all . '',data,info
then she remembered the twitter data .,data,info
"after another tense minute , the flood of data grew to a blur .",data,info
"she has managed to collect a lot of data from subjects who would never reveal such privacies to anyone else , not to parents , siblings , lovers or bffs .",data,info
"the return of um stirred a whirlwind of activity , in part relating to the archiving of the new data , in part regarding upgrades and streamlining of equipment that the prolific um came up with to pass the time during its travels .",data,info
it was only a matter of putting together the data in the proper way .,data,info
"sanjong and i gave you a careful , peer-reviewed interpretation of data .",data,info
"later on while she was on lunch break , amber was able to bring up the data again , this time on larger air projection so she could scroll through a lot more data quicker .",data,info
there was certainly more to the murders than the sensational news coverage had led her to believe .,news,info
"`` i have some news for you , '' adam told her .",news,info.nfs
goodness noted that gabriel did n't seem all that distressed by the news .,news,info
simon hesitated before offering more negative news .,news,info
"`` wow , news does get around this town , does n't it ? ''",news,info
the news was spreading in the building and it was only a matter of time before it would flow outward .,news,info
"if they had n't raised the- '' tapping his ear , harms said , `` i 'm listening to the news , arnold . ''",news,info.artifact.c
sonia 's mouth dropped open at this news .,news,info
"there was a crier , who cried news as a modern newspaper prints headlines - `` the master of stormhold suffers a mysterious malady !",news,info
"that news should have made him glad , instead he dreaded it .",news,info
had enough bad news lately what with herbie cut him off .,news,info
"and now he 'd just thrown not one , but two ancient british families into upheaval with his surprising news at the wedding-and his shock-maximizing method of delivery .",news,info
the news electrified the army of reporters and cameramen now sprawled about the small visitors center just inside the front gate .,news,info
millicent considered the news .,news,info
"the attention from women was welcome , but seeing the consequences splashed all over the news was a turnoff .",news,info
"`` we 're still getting details , but according to the news , her friend found her in her apartment thirty minutes ago . ''",news,info
that gave her an idea .,idea,info
"she hesitated , took a sip of tea , and continued softly , `` it was n't my idea to send sadi to chaillot , but i ca n't remember who suggested it or why i agreed .",idea,info
so i sat in the shed and waited for some kind of idea to come .,idea,info
only she knew that rogziel had a twisted idea of what constituted guilt .,idea,info
"`` that last idea has real merit , '' magnus remarked .",idea,info.nfs
"i crouched , hidden in the bushes that lined the back of the house and directly underneath the balcony sebastian had drawn accurately on his map , without any idea how i was going to climb the wall without being seen .",idea,info
"there 's no way he spent four weeks wallowing in grief , and it pisses me off that he 's trying to connect to tiny through some idea of shared loss .",idea,info
i have an idea that will help us with our little wolf problem .,idea,info
the idea had been just as monumental as having coffee for breakfast versus tea .,idea,info.nfs
"i want her to be on board , so i throw out a last ditch effort to win her over on the idea .",idea,info
`` i know of only one guy who is better-looking than scott ... ... '' i let the idea tempt his ego .,idea,info
"and so he left them with four hot cups of tea and one very clever idea , and once he was safely out of everyones sight , he clicked his fingers and disappeared .",idea,info
he was struck by an idea that would explain who he was and what chance he had of being like his close relations .,idea,info
a man with a family to protect is not my idea of a fool .,idea,info
"the idea of hiring another man to die in the war in your place , just because you have the money .",idea,info
thats a good idea and could possibly work .,idea,info.nfs
"my isolated childhood had not prepared me for the concept of racial differences , and i 'm not talking here about purely physical differences .",concept,info
lonely has been a foreign concept to me this entire last year on paragon .,concept,info
it took me hours to grasp one simple math concept .,concept,info
nell examined the concept and something settled in her .,concept,info
that concept began to fade .,concept,info
"it would be to extend unduly the concept of judicial review if a court can roam far and wide and range at will over the variety and diversity of the reasons , the promptings that may lead a legislator to cast his vote for or against a proposed legislation .",concept,info
"along with those factors , giselle and my mom always had crap boyfriends while i was growing up so i had been kind of turned off to the whole boyfriend concept .",concept,info
"he remembered long conversations about the concept of the `` just war , '' about the interplay of realism and idealism in state-sanctioned violence .",concept,info
andy considered this concept and found it quite brilliant.'good . ',concept,info
"the professor had loved the concept of second life , where players played through an avatar and interacted with other characters in a dynamic and changing world .",concept,info
framing the concept in terms of ghosts and possessing spirits was a convenient and simple fiction .,concept,info
"haven stood there , trying to wrap her brain around the concept of a global virus that could wipe out all of humanity .",concept,info
"however , this would be a departure from the basic concept of the fhrer-directive n6 .",concept,info
"his pock-marked face wrinkled in all the wrong places , uncomfortable with the concept of smiling .",concept,info
the whole concept messed with his entire view of the natural world order .,concept,info
the concept of galaxies and solar systems was beyond them .,concept,info
"to answer your question , science has now accepted the fact that there may be quite a few other dimensions not previously known , correct ?",science,info
science is always evolving .,science,info
`` wyatt is a sociopathic prick who gets off on torturing people in the name of science . '',science,info.nfs
her high school science had let her down .,science,info
such innate modesty makes a man admit he does n't know everything and thus take a common-sense approach toward things like science and religion.1 most men anyway .,science,info
"but rather than delivering the promised contributions to global earth science , eos had spiraled quickly into a costly nightmare of failed launches , computer malfunctions , and somber nasa press conferences .",science,info
"all this , because of the amazing advances in science , engineering and manufacturing .",science,info
"they were absolutely certain that in the end , science and the forces of right and good would win out , and the promise of stem-cell research using fetal tissues would be realized .",science,info
does science hold anything sacred ?,science,info
science proclaims that planet earth and its inhabitants are a meaningless speck in the grand scheme .,science,info
i gave them my warning that horse racing was not an exact science and that my knowledge of the sport might give them an edge or lead them straight to the poorhouse .,science,info
"like the feds , they must have suspected i was holding something back , but since-as far as modern science was concerned-it was impossible to play host to multiple chupacabras at the same time , they did n't have any reason to believe that i needed to be quarantined .",science,info
"although many fields of science , such as physics and chemistry , had become federally funded , paleontology remained strongly dependent on private patrons .",science,info
who else will be sacrificed upon the altar of science ?,science,info
"youve not yet reached the age when science has explained that night holds no monsters , and the terrors that stride across our imaginations are nothing but fairy tales .",science,info
people who had donated their bodies to science all thought theyd be heading for medical school anatomy labs when they died .,science,info
"beyond that , alec 's knowledge of their order abruptly ended .",knowledge,info
"use all the wits and knowledge you have of your own , sam , ' said frodo , 'and then use the gift to help your work and better it .",knowledge,info
"since the rats could n't read the library he 'd been able to assemble was a little baroque , but he was not a man to ignore fresh knowledge .",knowledge,info
the knowledge filled him with possessive male pride .,knowledge,info
they kept talking about the secrets as if they were some kind of hidden writings or knowledge .,knowledge,info
today is a good day as his face brightens with the rare retained knowledge .,knowledge,info
"after a moment albert said , i think id value knowledge more than treasure .",knowledge,info.nfs
"thus , their wisdom and knowledge , fortified by countless millennia and seventeen essential vitamins and minerals , was vast .",knowledge,info
"but the knowledge did n't stop my heartbeat from spiking as i rummaged for the keys in my handbag and i quickly let myself in , all the while hoping sylvie was home .",knowledge,info
losing my knowledge of what i knew of kemmler took away a ... a big piece of my existence .,knowledge,info
"if you desire to glean knowledge from these pages , '' blavatsky said , `` you must swear its secrets will remain between you and me .",knowledge,info
"every year , i watch the oscars with the knowledge of one who has seen the films a thousand times .",knowledge,info
im always surprised by the lack of knowledge on the subject .,knowledge,info
"it almost felt like there was some newfound confidence , or assurance , growing from the knowledge i 'd controlled my gift , although i had no idea how i 'd done it .",knowledge,info
"addah kept the best recipes to himself , suspicious of his children , even , and so refused to share his knowledge .",knowledge,info
"`` it was performed at 1:00 p.m. '' she gaped at him , finding nothing to explain that too-specific knowledge .",knowledge,info
"i could n't forget the very real , very huge problem we were facing .",problem,info
"i always feel even more guilty after i 've cut , which makes the problem even worse .",problem,info
"so , it contains the solutions to every problem .",problem,info
"he paces , not like a man trying to solve a problem , but like a man who already knows the answer and does n't much like it .",problem,info
"`` before anything else , raven must be safe and guarded while we take care of this problem , '' mikhail said abruptly .",problem,info
"`` it wo n't be for that long , '' she said , brushing her skirts as if she were discussing a problem with the laundry .",problem,info
"i , uh , hadnt noticed any problem .",problem,info
were always united in every problem .,problem,info.event.c
"the problem is he said he was going so fast , he 's not sure he knows where they are .",problem,info
theres the little problem that we dont know who the killer is or where he lives .,problem,info
"in case you have a problem with arithmetic , my offer actually amounts to thirty-five thousand .",problem,info
he had a real problem though because he 'd gotten really attached to patsy .,problem,info
arent your labor agreements the problem ?,problem,info.nfs
"`` you see , this is the problem with believing rumors and letting history dictate our future , '' said ben , now clearly frustrated .",problem,info
`` that still does n't help us with the rogue warlock problem .,problem,info
`` how did i miss this whole constantine problem ? '',problem,info
lori looked back and forth from their mom to lizzie hopelessly trying to figure out what the secret was .,secret,info.nfs
"morgaine sat on the chair again , leaning forward a little as though she was listening to me whisper a secret across the room .",secret,info
"if he did n't , she 'd just have to let cristolo know that she could n't keep his secret any longer .",secret,info
it was a fair way to avoid spilling norma 's secret .,secret,info
shall we trust them to use the secret of the ancient rocks to reach the next level of their quest ?,secret,info
"grace 's tryst with theo was the worst-kept secret ever , but hallie did n't know what grace saw in him .",secret,info
"i wish that crewe hadnt said anything , because a secret of that kind never lasts with evvie .",secret,info
`` no wonder the secret was never found .,secret,info
your parents have n't made any secret of the fact that they 'd like us to spend more time together .,secret,info
do you truly think you know each and every secret of your past ?,secret,info
she nearly discovered my secret once .,secret,info
her stunned look when he confessed his secret punched through his chest .,secret,info
"`` i 'm so glad you came back to her , '' she whispered almost urgently , like she was sharing her darkest secret with me as she slanted an eye in aly 's direction .",secret,info
"do n't worry , your secret is safe with me , and far be it for me to halt you in your proceedings .",secret,info
"instantly , id understood the value of the secret there uncovered ; a treasure of immense worth .",secret,info
"i havent forgotten , but trust me when i say that this is the only thing between us that is still a secret , and its for a good reason .",secret,info
"i hold eros tighter , and with a wave of my hand , a cheerful fire forms in the middle of the cave .",cave,location
"we 'll pay them a few bucks , they 'll let us each have a turn tugging on the hilt hopelessly , and then they 'll usher us quickly out of the cave and into their overpriced gift shop . ''",cave,location
"chiding himself for being overprotective , sam left the cave .",cave,location
you know about the cave ? '',cave,location.nfs
we also found the cave where zeus was born after driving up a hair-raising mountain road that was totally worth it once we climbed further up the mountain on foot and then climbed down to zeus 's birthplace .,cave,location
"`` hugo , take me to the cave where graulas lives . ''",cave,location
he came to the cave as if he had a demon on his tail and pulled torak out .,cave,location
"later on , some spelunkers came and explored the cave .",cave,location
"all in all it was a bit embarrassing.on the morning of their departure , they carefully removed all traces of their stay from the cave .",cave,location
someone was climbing into the cave .,cave,location
"when the ranger was done speaking he happily told everyone , please follow me now to the cave entrance .",cave,location
"`` you 'll get the wolves and the vampires , but you are n't to enter the cave alone . ''",cave,location
"the cave was empty , but a faint light was coming from somewhere .",cave,location
"as much as the idea of sharing our tight space with the older boy makes my stomach flop like a fish on dry land , the fact of the matter is that our cave can not accommodate five more people .",cave,location
"within twenty minutes , i spotted the cave and the horses began their rapid descent .",cave,location
"envisioning the cave where graulas lived , seth twisted the translocator .",cave,location
lock is a sports nut and he hates being in the classroom .,classroom,location
"this classroom is nothing like the dull , institutional places i 've seen on television .",classroom,location
"apparently , their classroom was n't the only one spammed with that filth .",classroom,location
"the teacher paced his way around the classroom , monitoring his students work with one eye but most of his attention focused on the interface behind his infospecs .",classroom,location
"since her classroom had been on the third floor , we did n't have a long hang time before something collided with us , propelling us straight upward .",classroom,location
it would serve him right if she turned her back on him and went back to decorating her classroom .,classroom,location
"emerging at the edge of the crowd , she noticed another throng of people squeezing into a classroom up ahead .",classroom,location.event.c
i stood up and assessed the situation as well as the classroom .,classroom,location
"soon she would have to go back in there , enter another classroom , and deal with more questions and stares and snide whispers , but for this one moment she could just be .",classroom,location
"i managed to stagger around the corner , out of sight of the chem classroom .",classroom,location
"elijah asked , nodding in the direction of the classroom .",classroom,location
"as he retrieved the handouts from his office and made his way back to the classroom , he marveled over katrinas fast reflexes and unusually strong grip .",classroom,location
her phone signaled even before she reached the classroom .,classroom,location
"comprehension was starting to dawn on the listeners , which caused whispers to erupt all over the classroom , drowning out the last of monsons words .",classroom,location
"shed arranged the classroom into several breakout areas , so the students could leave their desks and take advantage of independent learning projects in other parts of the room .",classroom,location
i swung the door open only to find the classroom empty .,classroom,location
"at the top of two flights , on the roof with a view of nearby skyscrapers on one side and the cumberland river and titans stadium on the other , the band stood onstage as if ready to start playing without me .",stadium,location
"the smell of the roses would not come close to overpowering the strong scents of horses , manure , dust and blood that would fill this stadium in a little while .",stadium,location
"beyond the cemetery wall the four floodlights at the football stadium towered high , like metallic dinosaurs looking down on a feast .",stadium,location
the crowd roared with deafening screams-the same sounds i 'd heard when a football team enters their home stadium .,stadium,location
"as we leisurely coasted down the street in a black limousine towards the stadium we 'd be performing in that night , a long line of people already snaked down the designated pathways .",stadium,location
the stadium went silent as everyone took their seats to the lucy larson gut spilling show .,stadium,location.human.c
why would someone want to sabotage the stadium that he had helped build ?,stadium,location.artifact.c
"i walked past the coin-op lockers and plastic cases full of wax models of the desserts sold within the park , and ducked under the low wooden torii that led to gyoza stadium .",stadium,location
"chapter 11 one moment the stadium was roaring and the next , everything went completely silent .",stadium,location.human.c
"as my too-loud notes echoed around the stadium , i felt that high i loved so much .",stadium,location
it was now up to him to plant the explosives that would create panic and drive the crowd from the stadium .,stadium,location
"as we jogged down the hill , leaving the stadium , lights and noises behind , my headache lessened .",stadium,location
"turning east onto kingsway , the traffic noise virtually non-existent due to the luxury of the range rover , they crossed boundary , passed the swangard stadium and into burnaby real .",stadium,location
did you already forget yankee stadium ? '',stadium,location.nfs
"immediately surrounding the stadium was lush , black-green grass webbed by walkways of pink stone .",stadium,location
it was lit up like a stadium during the super bowl .,stadium,location
i didnt contest his position at school ; i wouldnt have stood a chance .,school,location
"the two of them had been best friends since elementary school , but lately they 'd been growing apart .",school,location.event.c
"xoxo she could n't wait to get to school , to see her friends and to catch up on what she 'd missed since she 'd been gone .",school,location
"not something she would have picked out for herself , but at least they werent those nasty thongs that were so popular at school .",school,location
you never paid attention in school .,school,location
`` i shall go with you to the school and explain to your headmistress what has happened and maybe it will go easier for you . '',school,location
everyone said that their kids were acting out or doing badly in school .,school,location
"later , mitchell was sent to prep school in switzerland , and then on to oxford . ''",school,location
not that i 've ever smoked that garbage myself but the best place to find and buy drugs is at your local high school .,school,location
she smiled again and pointed into the main hall of the school .,school,location
your parents said you gave your sister a ride to school this morning .,school,location
"tracys bus turned right at the bottom of the hill , and then roared and sped across the street before shane could see the school .",school,location
"`` dad hired him right out of school , mentored him , taught him everything .",school,location
"i have to think about school , and bobby , and take care of us .",school,location
you have school in the morning . '',school,location.event.c
"`` your schedule , as well as a map of the school .",school,location
"the old man nodded and laughed as rego walked off quickly , looking for the right bus .",bus,artifact
can i catch a bus there ?,bus,artifact.event.c
the school bus had come in along the dirt road and parked in a flat spot near the center of the old quarry .,bus,artifact
"every time the arabs want to travel in a bus from nazareth to haifa , for example they have to register , and beg a special license from a military ruler , so they call it .",bus,artifact.location.c
"`` look , we took the 57 bus to upper higgledown , cut across that field , took the road toward farleigh wallop , and now ... '' he stops when i begin to giggle .",bus,artifact
"i did n't mean to throw her under the bus , but let 's face it-there was no alternative .",bus,artifact.location.c
"as far as i know , they did n't because sonny left with me , cale , and van-after van was done with ashlee-and we all went back to the bus together .",bus,artifact.location.c
"lea had to stay outside , since she did n't have any money , and watched the bus drive away .",bus,artifact
"the bus pulled up at his stop in kedron , and he got out .",bus,artifact
she had leaned on his shoulder and dozed immediately they sat down and slept for the full hour before the bus moved off .,bus,artifact
"the bus didnt even slow down as it hit the officer , instantly killing him and consequently freeing us .",bus,artifact
"as much as i hated riding the bus these days , it was too cold to walk .",bus,artifact
"i noticed even the bus had a cage on the front , the back , and one directly on the side .",bus,artifact
i ran to the sign but the bus zoomed by before i could get there .,bus,artifact
"despite feeling like a bus ran me over , i was good to go because i knew moon was only steps away from getting dusted .",bus,artifact
`` how well will the bus hold up in this kind of weather ? '',bus,artifact
you sat there in the truck yesterday and asked us if we were hooking up .,truck,artifact.location.c
"i turned the truck north , heading to romy .",truck,artifact
"i would have fallen , but he caught me , swinging me up and rushing the rest of the way behind his truck .",truck,artifact.location.c
"satisfied , she walked to the truck .",truck,artifact.location.c
"ten minutes later , hanks truck pulled into his driveway .",truck,artifact
"her white truck is halfway through the intersection when the mustang slams into her driver 's side door , going forty or fifty miles per hour .",truck,artifact
"the bad guy got the truck , and two other men got him .",truck,artifact
the truck rolled through a mass of zombies as it mowed them down in search of whatever escape route they could find .,truck,artifact
he had found the car empty last night after the truck had quit a few blocks to the east .,truck,artifact
"chapter seven 9 am wednesday august 18 tench was at his desk and , glancing out his office window at the diesel noise , noticed the oversize truck go through town for strakes earlier at about ten oclock .",truck,artifact
"he spun them and leaned his back against the truck , wanting her soft curves pressing into him , wanting his hands on her luscious ass .",truck,artifact.location.c
how she used the moves she 'd learned in the self-defence class to escape the truck .,truck,artifact.location.c
carolyn had n't seen the landscaping truck in the parking lot .,truck,artifact
"unobstructed view ... .if i were going to hide a truck on a piece of land like this , id find the shadiest corner .",truck,artifact
before his horrified eyes the truck ran over 3 people and stopped after hitting the wall of his shop .,truck,artifact
"sure enough , the trailor truck that had crossed the bridge was slowing down and making a right turn onto pont des saints-peres .",truck,artifact
"being on a bicycle allowed us to cover more ground and see more of the attractions , so most wanted to do that .",bicycle,artifact.location.c
i 'm about to say something that i might be embarrassed about later when i see gabe walking his bicycle through the dusk toward us .,bicycle,artifact
i pulled it under me like i would with a bicycle .,bicycle,artifact
"i rode my bicycle through your worst deserts , the ones with the truck-generated shimmering mirages .",bicycle,artifact
`` a bicycle built for two . '',bicycle,artifact
"the traffic of bicycles and pedestrians made driving along the road slow and they followed a bicycle , weighed down with bananas and fish , on the way to market .",bicycle,artifact
i rented a bicycle from the harper castle office and set out from the inn under a moody cloud deck that looked pregnant with rain .,bicycle,artifact
he loaded the bicycle into the back .,bicycle,artifact
"ive driven a bicycle , and thats only got two wheels .",bicycle,artifact
"images from his life flashed into consciousnessthe basement where he played with his first computer , the blue bicycle that was stolen the same day he got it , the boxed corsage for his senior prom date , standing up in professor whitson 's con law class , his legs shaking , while old whitson took him apart `` peter ?",bicycle,artifact
he set off after a bicycle that had gears and what looked like a generator on the back wheel to run its own little electric light .,bicycle,artifact.event.c
"she busied herself in the office for a few minutes , spoke briefly , to the receptionist in the regents office , hurried out and wresting her bicycle from branches of the pendant ivy in the courtyard , pedalled furiously across the campus .",bicycle,artifact
"not unless you count my old bicycle , which used to rub against me in strange and not-entirely-unpleasant ways .",bicycle,artifact
it looked like the rubber grip on a bicycle but solid .,bicycle,artifact
errol looked behind him as he embarked his bicycle .,bicycle,artifact
"officer cheetah , or whatever his name is , sounded too anxious to be just picking up a lost bicycle .",bicycle,artifact
the pepsi bottle looked almost as big as the nosecone of a titan-ii rocket .,rocket,artifact
"he tried to pull up , but his rocket was slow and unresponsive .",rocket,artifact
chapter 21 : setting up camp jimmy 's eyes shot open as his rocket began to shake and jump forward .,rocket,artifact
you think this situation calls for a rocket launcher ?,rocket,artifact
"when the last rocket hit , the monster was blown off the bulkhead and thrown down the cargo bay toward the open doors .",rocket,artifact
it 's too dark for me to fly the rocket to the hospital .,rocket,artifact
also a most stupendous rocket went up from the tower as soon as the bells got frantic .,rocket,artifact
"brads fist flew like a rocket exploding , shattering face and teeth and crumpling the uglys body like a soggy accordion .",rocket,artifact
"donna 's throat was dry with fear , because the images she was monitoring indicated a heat plume like those emitted by rocket launches .",rocket,artifact
"due to the rocket blast , there was a nasty oil leak in the transmission !",rocket,artifact
"`` time to suit up , '' he said while decreasing the rocket 's speed .",rocket,artifact
"he was going to put the rocket airborne , with or without his father .",rocket,artifact
i will always come for you had climbed the charts like a rocket and was holding at number eight .,rocket,artifact
"the venusians , fearing their planet was dying , searched for a suitable replacement '' `` so th ' father put his baby in a rocket 'n sent him here . ''",rocket,artifact.location.c
trevor studied daddy 's guitar like it was a dead sea scroll and joe looked like he was about to cum in his pants .,guitar,artifact
"i played guitar and piano ( most of my friends did n't know the piano part ) , but a career in music was pretty much like wanting to be an actor or something .",guitar,artifact
"with a start , i unslung my guitar from my shoulder before tossing it aside and hopping off the stage .",guitar,artifact
he picked up his guitar and turned for the door .,guitar,artifact
i do n't hear no guitar .,guitar,artifact.event.c
"`` i like the guitar , '' lucas says .",guitar,artifact.nfs
"said a voice basha did not recognize , though as he turned to face the white-haired man , with traces of red and black in his hair , standing before him , a bard holding a guitar , he recognized him .",guitar,artifact
he made his guitar sing in such a manner that his playing reflected his outgoing personality .,guitar,artifact
he also said that guitar isnt an easy instrument .,guitar,artifact
i sat on the bed with the guitar in my lap .,guitar,artifact
you have to take my guitar to vancouver .,guitar,artifact
he kisses my forehead and then sets his guitar next to the drum set so he can position the microphone .,guitar,artifact
"`` and if you really want to get mean you can kick- '' i 'm cut off by the low beat of the drums , guitar , and base mixing together in perfect unison .",guitar,artifact
"dithering , worried shed changed her mind about their appointment , barry returned the school guitar to the store .",guitar,artifact
it 's a picture of some edwardian woman being groped and the caption reads : may your attempts at having sex with me result in a guitar being smashed over your head .,guitar,artifact
"with my mind spinning about the tour and a certain southern girl , i could n't get it right , so i tossed my guitar in the case and went down to the studio .",guitar,artifact
"he continued to gaze out at the river , following an impressive sludge and foam sculpture with his eyes .",sculpture,artifact
"the thought of axels blood-smeared , murderers hands touching his sweet , immaculate son turned his stomach , but he held it together , his face frozen like an ice sculpture .",sculpture,artifact
i myself look up at the stone sculpture that crowns the piece .,sculpture,artifact
then you wanted to try sculpture . '',sculpture,artifact.event.c
"`` in any case , i 'm here because i wanted to see if you still have the sculpture of your hands . ''",sculpture,artifact
then he picked up his sculpture and stood unsteadily .,sculpture,artifact
"he 'd designed a sculpture for the lafleur building in downtown new orleans years ago , had spent quite a bit of time with jonathon and his wife .",sculpture,artifact
steve saw there were masses of balloons tied off at the four corners of the roof and at two locations on the sculpture itself .,sculpture,artifact.location.c
"she 'd never seen such a large , well-built man or such a perfect backside-hard , deeply tanned , and worthy of a marble sculpture .",sculpture,artifact
"the oddity , now wearing the sensitive features of a handsome black man whose face was twisted by intense emotion , continued to pace before the sculpture .",sculpture,artifact.location.c
"it appeared to be surmounted by some sculpture , a bust by the looks of it .",sculpture,artifact
he screamed her name once more and with a wild kick knocked a sculpture crashing to the floor .,sculpture,artifact
the sculpture itself was n't too hard - once i got used to using those tiny little tools - but making the chains was very tedious .,sculpture,artifact
he glanced at the obelisk again and noticed that the crystal orb crowning the sculpture had begun to glow with more intensity than before .,sculpture,artifact
"i was having a little trouble imagining robert bashing me over the head with a sculpture , but still , i had witnessed dane drinking heavily last night ; something was obviously bothering him .",sculpture,artifact
lily and i walk by this sculpture all the time .,sculpture,artifact.location.c
"`` remember , you said to use emily 's computer ? ''",computer,artifact
"`` she 's a hoarder-there was stuff everywhere in her house , but nothing really helpful until we found her computer .",computer,artifact
"i sit in my room and play with my computer , but i can still hear it . ''",computer,artifact
carlo watched in fascination as kate plugged in her computer .,computer,artifact
"i was coming to the realization that i could spend four , sixteen hour days organizing his office and i still would n't have it in hand when a thought occurred to me , it involved the computer , the computer was right there so i followed through with that thought .",computer,artifact
he turned on his desktop computer as i sat down in a guest chair on his right .,computer,artifact
"harper turned to see that stephanie had moved over to a desk holding a computer , about as far as she could get and stay in the room .",computer,artifact
"i was n't sure if that was good writing advice , but she seemed really excited , so i put the computer to sleep and followed her out of the library .",computer,artifact
"`` it 's like writing something on your computer and then you save the file , but you ca n't remember where you saved it , '' the doctor explained .",computer,artifact.location.c
and it reminded her of his staring at the sun on the computer in his room .,computer,artifact.location.c
"gutted in front of him on the counter was a small computer , parts arranged in untidy piles .",computer,artifact
"the day i 'd broken into his place and hacked his computer , i 'd placed an audio transmitter the size of a grain of sea salt under his media console and another in his bedroom .",computer,artifact
they changed the password to your computer and put in a privacy program to protect it on the network .,computer,artifact
"the computer will put that part in , said opal with a yawn .",computer,artifact
i 'm surprised your computer does n't go up in flames . '',computer,artifact
"impatiently i glared at the eda computer , waiting for the footage .",computer,artifact
the striped shirt made it easy .,shirt,artifact
"his tongue slid into her mouth , and she moaned , her fists clenching in his shirt .",shirt,artifact.location.c
"this big , big willow , jeanette reached for the ceiling as she spoke , her belly escaping her shirt , and she stayed up there through this nasty rainstorm .",shirt,artifact.location.c
her little pregnant belly was showing and she covered it with her shirt quickly .,shirt,artifact
"penelope said , as she finished buttoning her white collared shirt .",shirt,artifact
his eyes widened as he dropped my shirt on top of his .,shirt,artifact
skinner caught up and grabbed jim 's shirt .,shirt,artifact
"i need to change my shirt , some asshole just broke my nose .",shirt,artifact
"he let go of my mother 's hand and pulled out the knife , wiping it on his ruined shirt .",shirt,artifact
he stands and brushes his shirt off .,shirt,artifact
"he 'd originally assumed the shirt was an abbreviated reference to harley-davidson , the motorcycle .",shirt,artifact
his shirt fit nice and tight against his pecs and his hair was cropped short .,shirt,artifact
"`` you should go , '' viktor said coldly as andrei struggled to peel velkan 's shirt from the flesh that seemed to be melted to it .",shirt,artifact
"disentangling myself , i sat up and straightened my shirt .",shirt,artifact
"draping the tags around his neck , he tucked them inside his shirt .",shirt,artifact.location.c
"i have a gun and i 'm not scared of using it , '' i spit out , lifting my shirt and showing her the piece attached to my hip .",shirt,artifact
"creeping forward , the leprechaun recovered another coin from under the sand .",coin,artifact
"she reached for the coin , but sinclair pulled it back .",coin,artifact
"`` sure , but why do you have a coin in your pocket ?",coin,artifact
"i place the cold coin in my mouth , and before i can think about the pain , i bite down hard on my tongue .",coin,artifact
"the pierced coin on the purple ribbon about her neck dangled like a guilty accusation , and her pale fingers held it for a moment as she thought .",coin,artifact
"the coin were worth far more than the apple , but that did n't matter much .",coin,artifact
"a canoe and some gear is two hundred , leaves me enough coin to last a year or so .",coin,artifact
gray picked up another coin .,coin,artifact
"but dont worry , the coin is with me and i aint letting anyone have it .",coin,artifact
he places a green note and a seven sided coin in the outstretched palm .,coin,artifact
"well , to be quite frank i dont have such a large amount of coin readily available , master secretary i had to negotiate , im sure you know , with this imminent crisis and all crisis ?",coin,artifact
"sorry for my delay , he apologized as he tossed a golden coin toward her .",coin,artifact
"`` it was the truth , for although patrick seaton had been loved and valued by the grateful country folk whose ills he had treated for many years , his patients had rarely been able to pay him with coin , and he had never pressed them to do so .",coin,artifact
hadrian reached into his pocket and fished out the coin .,coin,artifact
"they only promised me one full coin , the cheap bastards .",coin,artifact
it was the most common coin produced for circulation but was slowly debased until its replacement by the antoninianus .,coin,artifact
aunt maddy had coiled its cable up neatly and put it away in a drawer in my desk .,cable,artifact
"`` first , the cable was n't attached to anything .",cable,artifact
then it rummaged through its belongings and pulled from its bag a short length of cable .,cable,artifact
"he roared , and raising the umbrella over his head like an executioner 's ax , he brought it down on the cable that stretched between the top of the booth and the wall , snapping it in half with a loud thwack !",cable,artifact.location.c
"in her intent study of the communications cable , she had n't paid attention to the short lateral stretch of broken snow that led out to a small disturbed drift .",cable,artifact
"and one of these times , the door is going to cut my cable .",cable,artifact
the thermite ate into the compartment onto the thick cable underneath .,cable,artifact.location.c
gray paused at each crossing to find the cable vibrating in code and followed its trail .,cable,artifact
rica sat down and could feel something like a steel cable tighten around her .,cable,artifact
"he glanced up in time to see the woman topple over the cable , her chest a bloody ruin .",cable,artifact.location.c
zeke runs across the roof to the zip line and attaches one of the man-sized slings to the steel cable .,cable,artifact
"she could see dora 457s body floating below in zero gravity , her head severed by a cable .",cable,artifact
just because conventional technology indicated the tap would be on the cable did n't mean it had to be so .,cable,artifact.location.c
"his feet thrashed about , kicking up puffs of chalky dirt as he backpedaled in an attempt to keep slack in the cable as it slowly pulled him to the tree .",cable,artifact.location.c
drawing a short datajack cable from her bag lexel looked over to zero as she plugged one end into the device .,cable,artifact
she had to actually push off the cable with her foot to keep forward momentum going .,cable,artifact
finn leaned forward and hit a button .,button,artifact
he pressed a button on the side of the stainless steel wellhead and a humming and then gurgling noise began .,button,artifact
she ran past shelby and hollered back as she punched the button for the elevator .,button,artifact
he pushed a button by the doors and a voice cracked through the intercom .,button,artifact
the button had the same slimy feel as garth 's psychic scent .,button,artifact
"halfway down the room i find a small , flat screen attached to the wall with a single button beneath it .",button,artifact
put my finger on the send button .,button,artifact.location.c
"instinctively , my finger tightened on my weapon 's selector button .",button,artifact.location.c
"my finger hovers over the call button , but i eventually settle on sending a text .",button,artifact.location.c
"i spin back to the elevator , stuffing my half-eaten sandwich into my mouth so i can slam my free hand on the down button .",button,artifact.location.c
"eleven minutes later , he tapped the talk button on his headset .",button,artifact
"lamar dragged his aching , tired body out of bed , and stood ; he took a moment to make sure he wasnt going to pass out , flicked a button on the radio cutting bobcat off in mid utterance , and then headed down the hall , his eyes barely open , but the stench of his youngest son allowing him to track to the source .",button,artifact
he clicked the button on one and a solid beam of light several feet long shot out .,button,artifact
you either needed a security code or access to the little button which was obviously underneath cindi 's desk .,button,artifact
jay depressed the button .,button,artifact
a punch of the button would set off a small shock on a sensor around rabbit 's wrist .,button,artifact
he raised the bottle to the men and took a healthy swallow .,bottle,artifact
"an empty bottle of rum rolled with depressing agreement across the floor , meeting a partner underneath the windowsill .",bottle,artifact
theres a bottle on the bathroom counter .,bottle,artifact
"`` never again , merit , '' she said , walking to the corner of the room where she 'd deposited her bag and water bottle before class started .",bottle,artifact
"and i assumed she 'd probably been drinking , though i had n't actually observed a cup or bottle in her hand .",bottle,artifact
even when he put the bottle down he studied her for a long time .,bottle,artifact
"i wondered if the indians had a homemade brew of some sort that kept them away , because at this rate , my bottle would be empty in a few weeks at the most .",bottle,artifact
turning back to their direction i threw the bottle at the head of the man who had tried to order me .,bottle,artifact
i finished the bottle off in two gulps .,bottle,artifact.event.c
she looks at me like i just said i wanted us all to hold hands and then play spin the bottle .,bottle,artifact
i also took a plastic reusable water bottle .,bottle,artifact
lets crack another bottle .,bottle,artifact
he tipped back the beer bottle and took a drink .,bottle,artifact
"he began , showing her the sample bottle .",bottle,artifact
"he caught her wrists and returned her hands to her lap , then dropped the sunscreen bottle between her legs .",bottle,artifact
"there was no food , although alex discovered an unopened water bottle that had rolled under the krispy kreme case .",bottle,artifact
"chapter 9 the next night , three startled eyes looked up from their picnic , worriedly watching dharr as he approached their blanket .",picnic,event
"something that they could have done at any time , so rhi was n't clear why this casual-looking conversation could n't have waited until after their picnic .",picnic,event
"baseball was pushed aside as they talked about the picnic , the food , what the methodist women would be wearing , and so on .",picnic,event.nfs
"paulette had apparently baked a lot of bread , and they let us have a picnic in our small little room with a full loaf and a bowl of butter that sarah had probably churned herself .",picnic,event
"`` cheedas , can you pack a basket of goodies , like for a picnic ? ''",picnic,event
"immediately standing up , he started gathering the leftovers of their picnic while allie tried to stretch the kinks from her muscles .",picnic,event
"grass embankments surrounded the pool , offering the perfect spot for a picnic or for sunbathers to work on their tans .",picnic,event
"i dont know if sean mentioned it to you , but , if youre interested , i can prepare a picnic or bag lunch for you any day during your stay .",picnic,event
"so she 'll have to miss your little picnic , i 'm afraid . ''",picnic,event
"no raised voices , but they were n't discussing the company picnic .",picnic,event.nfs
"upon seeing him there , samantha 's smile went away , as if a dark storm cloud had suddenly rolled in on her perfect picnic with pavel .",picnic,event
"and in place of the picnic and card tables , a seemingly endless buffet-wearing a skirt , no less-circumnavigated the patio , filled with the kind of food that only came from a really nice restaurant .",picnic,event
"jennifer , by contrast , is normally content just to stand still at stage center , youre on a picnic with some friends and suddenly you get ambushed thats not what happened at all !",picnic,event
she was laughing at something or someone at the picnic .,picnic,event
i catch griffin 's eye across the picnic table and he winks .,picnic,event
they moved to the top of the cottage and billy started the barbecue .,barbecue,event
"we were back on the deck at shaw and rule 's house for a cool , fall barbecue before the full chill of october set in , and this one was going a lot smoother than the last one .",barbecue,event
they were standing in the hastingses ' backyard at a family barbecue .,barbecue,event
kinley had laid in that very chair the last time greg had invited her family over for a barbecue .,barbecue,event
"it smelled like childhood and it brought back the long , lazy summer days , barbecue , watermelon , and freeze pops .",barbecue,event.nfs
"the air smelled like a nearby barbecue , though they couldnt see the smoke .",barbecue,event
`` this barbecue is fascinating .,barbecue,event.nfs
"wright asked , what kind of barbecue do you like ?",barbecue,event.nfs
i was going to have myself an arcadian barbecue .,barbecue,event
"this afternoon he was going to enjoy his barbecue with rosie and tomorrow , well , he had no plans for tomorrow yet , depending on how this afternoon went , maybe he and rosie could spend sunday together .",barbecue,event
but there 's no way she 'd be in any shape to attend xander 's barbecue .,barbecue,event
courtney and i are going to the freshman barbecue tonight . '',barbecue,event
"peter was in charge with clancy who , as the most sensible boy in the party , was tasked with running the barbecue itself .",barbecue,event
the scent of barbecue filled the air .,barbecue,event
liza talked my ear off about her new job as we walked into lambert 's barbecue .,barbecue,event.location.c
"there were no chairs , no barbecue and no garden .",barbecue,event.nfs
lift reached the end of the table and looked out at a banquet that had been set onto a smaller table at the other side of the room .,banquet,event.food.c
`` the banquet is about to start .,banquet,event
"they would be coming with liz and brady to the banquet tomorrow night , but for now , she and brady had the night free and to themselves .",banquet,event
"everybody was talking about the festival at nideck point and the christmas banquet , the man wolf mystery , all of it .",banquet,event
the prospect of a banquet with plenty of wine and girls was popular enough to fill several boatloads and they began heading ashore soon after dark .,banquet,event
that saturday the three of us hosted a farewell banquet for all the participants in the program at a large restaurant inside the summer palace grounds .,banquet,event
i took a refreshing long sip of the bubbly and continued on my cake banquet .,banquet,event
the banquet and ballroom facility is in the east wing .,banquet,event
and then the serving men began to bring in the banquet .,banquet,event
"likely , some ball , banquet or state event required teeg to have a wife on his arm .",banquet,event
`` the angels throw a magnificent banquet in our honor ? '',banquet,event
"i 've never really paid all that much attention to what i eat , but when every meal that 's set before you is a banquet , you start to notice it .",banquet,event
king sett hosted a banquet later in the evening and he invited a select few from the morr aristocracy .,banquet,event
"if youre talking about whats going to happen to stewie and the others at the banquet , we already know about that , said angelica dismissively .",banquet,event
"winners could have come and visited her after their bouts , but they always left , never joining her at banquet .",banquet,event
"`` he did n't know you were with child until he saw you half-dressed , the day of the duke 's banquet .",banquet,event
"back in the house , jack continued to dwell on this , as khalid prepared for the promised celebration .",celebration,event
you join the celebration of the people of your world .,celebration,event
"the song was a rousing anthem to hedonism , to celebration that ran through the night and into the morning , and to starving bodies slaked with satisfaction .",celebration,event
"`` my mate , she 's anxious for the celebration .",celebration,event.nfs
they knew by the kind of invitation sent to this event that there was more to the gathering than the celebration of a marriage .,celebration,event
let 's start the celebration . '',celebration,event
* * * alison could n't believe her ascension celebration had turned into a full-on battle .,celebration,event
"after their joyous impromptu celebration , anne and james said good night and gave them one last congratulatory hug before leaving them alone in the sitting room .",celebration,event
"taking pity on her , he added , `` westmoreland dukes are always married in a church , and the wedding celebration is always here at claymore .",celebration,event
"i then said to everyone standing in the room , tonight is for celebration , any and all can join us .",celebration,event
the camera men decide to just let it roll and it becomes a live celebration on air .,celebration,event
"as the celebration concluded and the choir broke into exalted song , pages moved through the ranks of the patriarchs delivering the announcement that the hierocracy would resume deliberations immediately .",celebration,event
"the celebration went on behind him , music playing as people danced and cheered , celebrating tess and dominic 's union , while all carmine enjoyed was the familiar numbness creeping through his limbs .",celebration,event
the coming of spring transcended the celebration of marys light mass in the highest heaven .,celebration,event
after nadia threw her back out breakdancing at the celebration .,celebration,event
"`` maybe , '' mister wolf said , `` but do n't plan the victory celebration until the war 's over .",celebration,event
`` do you remember walking home after the festival ?,festival,event
`` events beyond even my control cause this festival to be stopped .,festival,event
"but before he could begin to process this , a new sending bloomed in the space where festival had been .",festival,event
it must be a festival .,festival,event.nfs
are you going to come back next year for the metroparks music festival ?,festival,event
* * * more than a week had passed since the ambassadors festival .,festival,event
"in the summertime , when flooding is not a risk factor , tva keeps the lakes levels high to support boating and recreational boating like for the current festival of the eighty birthday .",festival,event
"tonight though , the festival would be different .",festival,event.nfs
"`` i assumed you wanted to go the festival today , '' he said , and she did n't miss the gleam in his dark eyes .",festival,event
she brought home pamphlets and brochures to make welcome packets for their guests at the grand opening ; she worked on arrangements for the old thyme festival ; and practiced her music for easter .,festival,event
then he reached into his robe and pulled out the poster about the free festival .,festival,event.nfs
in marat she would be the last girl to be picked in a marriage festival .,festival,event
mitch had a hunch that the thieves might be waiting to strike when the festival began and insisted we continue the patrols .,festival,event
we bought it today at the festival .,festival,event
he had n't heard about the festival .,festival,event.nfs
so tell me more about the festival . '',festival,event.nfs
`` your mother has me signing up for exercise classes at that new fancy gym in town and volunteered me to help with the winter carnival .,carnival,event
jimmy pointed back in the direction of the carnival .,carnival,event.location.c
rashel would have traded them both for the marine back at the carnival .,carnival,event
"i was ten years old , and he had snuck me to a carnival without my mother knowing during one of his stints out of the hospital .",carnival,event
"after he bought them tickets , they strolled around the carnival once just taking it all in .",carnival,event.location.c
"while they were sure that horaces information regarding its next destination was accurate , they wanted to make sure that no one else had any memory of the carnival .",carnival,event.nfs
"that night , after the carnival and the fire and the terror of nearly losing each other , she and mateo had come back here .",carnival,event
`` i 'm here to announce that we 're departing for the carnival in approximately twenty minutes . '',carnival,event
the crooked oak had always been the most popular place during the spring carnival .,carnival,event
the lightheartedness of the carnival was contagious .,carnival,event
i jog toward the entrance to kiddie land and spot the woman in turquoise walking briskly away from the carnival .,carnival,event.location.c
no clem but speaking of a carnival reminds me of the merry-go-round or the carousel .,carnival,event.nfs
"he and elizabeth walked through the carnival , hand in hand .",carnival,event.location.c
"normally the neon lights from the clubs and the sounds of the nearby carnival put me in a happy mood , but not tonight .",carnival,event
"what a coincidence , runnin into my best friends at the carnival !",carnival,event
`` how soon should i do a press conference ? '',conference,event
evie held a press conference to announce she was taking over black industries and that she 'd set up an exhibition game for the invaders and strikers at the end of the week .,conference,event
the conference with james stickley lasted for more than an hour .,conference,event
"it turned out that every time there had been any tampering , at that same period there was a joint eda-eurocorps meeting or conference here in strasbourg .",conference,event
`` yes sir ; he is scheduled for a visual conference in twenty-two minutes .,conference,event
then tomorrow we 'll be caught up in the conference and that should take care of ... everything . '',conference,event
there was n't a single conference scheduled in dc that any of the victims would have had reason to attend .,conference,event
"in all the pathos of the moment , she 'd forgotten parker was supposed to leave tomorrow for three weeks of meetings with his european counterparts and to give the keynote address at the world banking conference .",conference,event
"i had to go to a conference , '' she said brightly , and proceeded to regale her parents with censored details of the three days she had spent at peppers .",conference,event
she 'd imagined it as a joyous finale to a successful conference .,conference,event
it would be great if you would present your views during our upcoming conference in london .,conference,event
"kipler arranged a phone conference with drummond and me , and things went badly , at least for the defense .",conference,event
"like the conference room , it featured a wall of windows with a view of the harbor and the skyline to the north .",conference,event
"`` i 'm sure he 'll be at the opening of the conference later this morning , '' drake said .",conference,event
`` there was no conference out of town .,conference,event.nfs
this conference call is very important to me and i would hate to be distracted worrying about you going home alone at this late hour .,conference,event
once he goes the rest will go and the rest will disappear like a bottle of vodka at a russian prayer meeting .,meeting,event
"his majesty expects to conduct his regular council meeting , and he must practice for carrousel . ''",meeting,event
"soon afterward , the meeting ended and suella and nathan said their goodbyes to davids parents .",meeting,event
"and in the years since their first meeting , the very scent of it had never failed to grasp his attention .",meeting,event
the captain announced a meeting of the section chiefs on the bridge in fifteen minutes .,meeting,event
"`` come on , mckenzie , how did the meeting go ?",meeting,event
connor knew he was late as he strode into the diner he and quinn had chosen for a quick meeting .,meeting,event
"as the meeting dragged on , my headache got worse and we still hadnt even got past the introductions .",meeting,event
"`` anyway , a captains ' meeting of the martian allied powers is assembling .",meeting,event
my meekness was a far cry from my behavior at our last meeting .,meeting,event
she needs to have things ready for you by the time you walk in for your first meeting .,meeting,event
"whitney pushed the covers aside and slid from the bed , her mind groping frantically for ways to extricate herself from the arranged meeting with clayton .",meeting,event
"the meeting was over , and she could assure mike that she hadnt had any interaction with andrew , not even exchanged glances .",meeting,event
"`` i 'm sorry , mr. james is in a meeting with the judging committee . ''",meeting,event
counts invited me to their meeting !,meeting,event
here i am chattering on about me while you have a big meeting ahead of you .,meeting,event
"chapter twelve henri and i go into town on saturday for the halloween parade , almost two weeks after arriving in paradise .",parade,event
are you planning on going to the festival parade tomorrow ? '',parade,event
the homecoming committee pulled the crepe paper letters spelling miss victory out of the chicken wire on the back of the float and replaced them with white toilet paper before the parade started .,parade,event
"evidently , in the light of day many of the more unusual lifeforms preferred to remain hidden ; tibor found himself encountering no one , and somehow this distressed him more than the parade of sports and freaks and chardins which he found himself facing during the nocturnal hours .",parade,event
`` we 're here for the parade . '',parade,event
"i 'd held it together in front of his parents and the parade of doctors and nurses , but somehow the comforting familiar sound of knox 's deep voice sent me over the edge .",parade,event.location.c
the royal wedding will proceed in five days on festival day with a grand royal parade from the royal palace into the game stadium .,parade,event
jen strutted over to jim-like she was the conductor in a large parade .,parade,event
the short parade stopped in the center of the enclosure .,parade,event.artifact.c
"i rolled into the street , making a dance motion before the parade , halting it in all its glory .",parade,event
"we promise to do just that , and when the parade is over , we walk stella back to the dorm , and then head to his apartment .",parade,event
as the parade comes to stopping points they sign autographs .,parade,event
"`` no , we closed for parade .",parade,event
"the victory parade in thania , with the king of usserd as showpiece , was the greatest that had been seen since the last dornite city fell to their army .",parade,event
"seeing the parade just ahead , i closed my eyes and held my breath as if diving headlong into the sea .",parade,event
it looked as if the three of them wouldnt have been missed if they had skipped the party .,party,event
were all invited to the houses homecoming party .,party,event
"frohmeyer said , `` how many guests are coming to the party ? ''",party,event
"`` point me at them , and i 'll get this party started . ''",party,event
"i do n't seem to have a problem with being relevant , and i do n't host a single party .",party,event
"tristan and i watched them walk away while lincoln said , `` dude , if you stare at my girlfriend and her stupid shirt for longer than three seconds i 'm canceling the party .",party,event
"after 45 minutes , charlotte broke up the party , set a cleaning detail to work in each bedroom and the bathrooms , and proceeded to clean up the hall herself .",party,event
"patrick , this is kat , jane began the introductions when pierce came to greet them to the party .",party,event
"* * * the party had been going for more than an hour , and there had yet to be any sign of haven .",party,event
i 've been looking forward to this party all week .,party,event
"the three of us wrapped in each other 's arms finishes up the dance as the dj asks the wedding party to join us as he switches the song over to , changed by you .",party,event.human.c
"he asked liz again if she would be interested in working with him as a writer for the company , but she turned him down and , as other people showed up for the party , they left it at that .",party,event
the three of us had a great dinner and i could n't wait to get home and really start drinking at my party .,party,event
she suggested a cocktail party . ',party,event.nfs
`` you ditched me in town and organized a war party because i lied about knowing that guy ? '',party,event
the party was in full swing and she greeted the hostess with enthusiasm .,party,event
"an explosion rocked the building from the hall behind and the body of the meregal flew out , slamming hard against the iron railing next to yin .",explosion,process
"the explosion should have killed szilagyi , but he 'd cheated death before , and a bone-deep pessimism warned me that we had n't seen the last of him .",explosion,process
there was no way it was a coincidence that a judge with the same last name as a child who could be my father 's was killed in a gas explosion at a coffee shop near where he worked .,explosion,process
i just wanted to make sure you were okay after the explosion yesterday . '',explosion,process
"an explosion sounded at that moment , and glass shattered out from all the remaining downstairs windows .",explosion,process
the explosion came as vasili dropped to a crouch .,explosion,process
"it was enough , and with a silent explosion , the splintered mystics burst from their prison .",explosion,process
another explosion of guilt hit him square in the chest .,explosion,process
"the explosion shot debris and burning fuel over the entire property , and even outside of the compound , according to the shop superintendent .",explosion,process
`` gary told me you were injured in an explosion . '',explosion,process
but the odds of the long ranger surviving the resulting kinetic explosion and spray of disintegrating blade fragments were almost nonexistent .,explosion,process
"if the explosion had been as loud as it seemed as the numbness in our ear attested to and the mushroom cloud as vivid , then there was no doubt that the entire town of boot hill would have woken up to it .",explosion,process.artifact.c
"it was like holding your breath all the time , waiting for the next big explosion . ''",explosion,process
what was in it if the gas would not kill him or that was otherwise non-lethal to humans and how could it cause an explosion ?,explosion,process
she laid reed back against the seat and quickly switched off the engine before it led to an explosion ... ... which meant she had to get him out of the car and as far away from the wreck as possible .,explosion,process
"an explosion shook the first-class car , red and yellow flames bursting out the windows and pulled away by the wind .",explosion,process
`` your husband died in a car accident .,accident,process
"eventually , i needed to tell her about callie and the accident .",accident,process.nfs
"newspapers clippings about dad and his work at the hospital before the accident , articles i could n't bear to read after he 'd died .",accident,process
or must that brave child suffer a tragic accident as well ?,accident,process
"they staged the train accident , moved their equipment onto the train , captured your father , and did the transfer right there .",accident,process
"there were notes from an interview , diesel 's driving stats , and details on his accident .",accident,process
the fly in this ointment was that unlike an accident at sea a mishap on the road could involve the attendance of the police .,accident,process
"those agents are f**king fired , '' he growled , shuddering at the thought that maddie had been involved in an accident and he had n't known .",accident,process
"she pushed past the crowd gathered outside the cubicle , all of them goggling like rubber-neckers at a fatal accident .",accident,process
"`` but your vision was started by accident , so maybe there 's a reason you saw it and maybe not .",accident,process
"but if my time in group therapy sessions has taught me anything , it 's that talking about the accident and the aftermath with people who understand does actually help .",accident,process
"she had been under the assumption that it was a strange , random accident .",accident,process.nfs
"they 'd met because of an accident , their lives colliding , and just as that impact had n't lasted long , neither would they .",accident,process.nfs
the person who was with my brother when the accident occurred .,accident,process
"now , how about you get the police report and ill drive out to the accident site to look around .",accident,process
she thinks dads death might not have been an accident .,accident,process.nfs
and of course ray succumbed to the notion that this might be a worthy experiment because he desperately wanted to find a noble cause to attach himself to in order to make himself feel worthy .,experiment,process.nfs
roxanne omitted to mention her real and sole interest in the experiment was that she was being paid to perform it .,experiment,process
i will be interested to see if our experiment bears any fruit . '',experiment,process
`` now let 's get back to today 's experiment .,experiment,process
a few weeks ago they were doing a unit on genetics and they did an experiment in blood typing .,experiment,process
"as a social experiment , ask her out on a second date , but this time show up at her house in an old rusted datsun .",experiment,process
"hudson , you know as well as i do that i would find another way to follow through with my experiment . ''",experiment,process
smith continued his explanation of his little experiment which they had developed .,experiment,process
"{ although this is perhaps the least of what i unearthed during that time , it still represents an impressive experiment in collective unconsciousness , in beehive mentality .",experiment,process
i do n't want to be your experiment .,experiment,process
even the smallest portion of the goo filling eros might be enough to start the whole evil experiment over again .,experiment,process
"in fact , claire was n't altogether sure , but she suspected morganville was the experiment - and an experiment would be ended when an outcome was achieved .",experiment,process
"in the months following the experiment , other sailors were known to go insane .",experiment,process
why did n't they say he performed the same experiment on them ? '',experiment,process
"you may have the right to reclaim any article of clothing used as a filter , but the court suggests you consider it an experiment that went horribly wrong . '",experiment,process.nfs
"branston 's experiment did n't work on the other subjects the way it worked on you , and now they realize you could be the key to everything . ''",experiment,process
that could explain why he spent so much time grumbling during the installation .,installation,process
"for example , my list of databases contains the legendary feats of heroic individuals or the dates and times of historic events , and science and mathematics are all programmed into this installation .",installation,process
"it turned out that purchasing , then waiting on delivery and installation of four nerveboxes took that long , and it just about drove gunner crazy .",installation,process
"norin supervised the crate 's installation and then stepped back , satisfied that all was in order .",installation,process
"operations were divided among three main areas : security consultations , which consisted of identifying conceivable or imagined threats ; counter-measures , which usually involved the installation of security cameras , burglar and fire alarms , electronic locking mechanisms and it systems ; and personal protection for private individuals or companies .",installation,process
"the bathroom floors , tub surround , and kitchen backsplash were ready for installation , so i got busy laying tile and grouting .",installation,process
teresa agreed that the installation of proper mail boxes would be expensive .,installation,process
"surgeons , both human and robot , underwent courses of instruction at the u. s. robots prosthetics facility so that they would be able to carry out the complicated installation procedures .",installation,process
kalkeus had invented and overseen the installation of these wondrous pipes all over the palace .,installation,process
"`` usually , '' explained lord akeldama to alexia , misinterpreting the shrug , `` the transmitting component of the aethographor requires the installation of a specific valve , depending on the message 's intended destination .",installation,process
they might have heard something else useful such as the installation of holographic equipment .,installation,process
"she led the way to a loading area , which contained all sorts of large steam engines ready for installation , and where an enormous and curious devicea long , flat platform on wide , rubber-studded wheelsstuttered and hissed .",installation,process
"he hated this part of an op , but since he was the best with the gear-and the mission would suffer from lack of reliable intel-he completed the installation and made sure all tech was shaking hands and playing nice .",installation,process
you should be able to get installation pretty quick .,installation,process
"voices had been raised in the presbytery after the priest had scornfully refused the hoteliers bribe of paying for the installation of an electronic apparatus that would replace the ancient mechanism in the bell tower , with its barrels and wheels and trip pins , and would dispense with weights and pulleys and rope .",installation,process
installation of the device had been a major stumbling block in the early plans for wildfire .,installation,process
"disappointed at the interruption , i leaned over and grabbed his phone as it hit the third ring .",interruption,process.nfs
"it was a reckless slip , and the interruption was likely the only thing that saved rio 's prey from an out of control feeding that might have meant his death .",interruption,process.nfs
then came a startling interruption to a scene at once ludicrous and perilous .,interruption,process
peyton smiled as pleasantly as possible but she resented the interruption .,interruption,process.nfs
the last exclamation was offered in exasperation as another interruption presented itself .,interruption,process
"i wanted to groan at the interruption , but i was in business and my job was to serve my customers .",interruption,process.nfs
they did n't appreciate my interruption in their lives .,interruption,process
"in a way , i was grateful for chrissy 's interruption .",interruption,process.nfs
"irritated with the interruption when she was having a crisis , alex snapped it up .",interruption,process
"and this time , he was eager for the interruption .",interruption,process.nfs
ben ignored his interruption .,interruption,process.nfs
"she threw a cursory glanced in his direction , clearly irritated by the interruption .",interruption,process.nfs
"mae looked momentarily confused at the interruption , and then before his very eyes , he saw her walls starting to go up .",interruption,process.nfs
it next occurred to him to make use of this interruption .,interruption,process.nfs
"rachel delayed with her rebuttal once again , but i let her unravel her tangled thoughts without interruption .",interruption,process
"doret bowed his head once , to signify the interruption , before he began .",interruption,process
"as the afternoon winds once again gathered their storm , so did hunger unite pandora against its most vicious enemy .",storm,process
"from up here she could see a storm raging to the north , but high heart stood above the rain .",storm,process
"the winds would cover shouts , and help would be slow in coming when everyone has taken cover to wait out the storm .",storm,process
"i did n't really know the old mechanic that well , but he was important to bax and he had gone out of his way to keep my brother safe and offer us shelter in the storm .",storm,process
but given the hellacious storm why did n't you take the car ?,storm,process.nfs
"`` you got bit , '' callum repeated , using a tone that i recognized well as the calm before the storm .",storm,process
a horrific storm came up near the northeastern coast of africa .,storm,process
she lay as shed been thrown by the storm .,storm,process
"birgitte reluctantly passed by the inviting scents of food , and instead pushed her way out into the cold summer storm .",storm,process
"the worst storm of all blew through about the middle of march , a saturday night so windy that even the thick antique glass of the school 's windows rattled in the frames .",storm,process
"light , diffused by the storm , began its retreat .",storm,process
"thunder cracked , which meant the storm was n't far off-three miles according to amma 's calculations .",storm,process.artifact.c
she got lost in a storm and lived on seal blubber for five weeks before anyone found her . '',storm,process.location.c
gradually the storm died down .,storm,process
the storm had really kicked up outside as i settled into bed and opened my current read .,storm,process
"that makes sense , i reply as shivers run up and down my spine just thinking about one of those tree trunks breaking loose in a huge storm ; that would be scary !",storm,process
"i have nothing better to do , so i might as wel get a good night 's sleep .",sleep,process
let 's get some sleep . ',sleep,process
"then tyson had fallen asleep when they got inside , and she should have realized it was n't a deep sleep , that with as small a dose as he 'd had , he would wake up very quickly .",sleep,process
"and that was how , on the first night after the party was broken , stu ate when the others went hungry , and slept easy while their sleep was broken by bad dreams and an uneasy feeling of rapidly approaching doom .",sleep,process
"once i 'm inside , i crawl into bed and pray for sleep .",sleep,process.nfs
"she worked her mouth slowly , as if speaking in her sleep , and her eyelids twitched on occasion .",sleep,process
"sometimes , our minds can give us what we want the most in our sleep .",sleep,process
"poverty is when your parents get home from the first job and hurry up to eat their mac and cheese , because in five hours they have to get up for their second job and they want to catch some sleep .",sleep,process
"although she closed her eyes , sleep was an illusion .",sleep,process.nfs
"yes i have it , i must say that your sleep did nothing good for you .",sleep,process.nfs
i need my sleep !,sleep,process.nfs
i finally got three hours ' sleep after i made myself admit that there was no way i could run sam 's business into the ground in a few days .,sleep,process
"just a short nap , i think , as sleep beckons and i 'm pulled down , down , down into my dreams .",sleep,process
"pressing her arm against her stinging cheek , aleria curled on her hard bed , fading into a vague sleep where she was chased around and up and over the rocks , by a band of grinning , jeering , men while raif stood above her , stony faced , and watched .",sleep,process
"*** awakening from a deep sleep to find yourself even more exhausted than you were before the slumber is just about the most unpleasant , infuriating experience regarding the tendency of the human body to attack itself .",sleep,process
"we 'll shout some stuff , the cheerleaders will do a dance , and then the mascot will come out and we 'll shout some more . ''",dance,process
"when i was a child i used to lie by the stream and watch the little silver fish dancing their quiet dance beneath the water and the birds soaring across the sky upon their wings , and wished i could join both of them in their little worlds .",dance,process
it took us three tries to get through the dance .,dance,process
his other hand already held her hand captive in a tingling dance .,dance,process
"the snake man flailed in the ward , stuck to the car as if glued , his body jerking in a spasmodic , obscene dance .",dance,process
"`` i went to a dance with a vampire , '' he said .",dance,process
trent 's face was pale as he watched her dance in the red light hammering down on us .,dance,process
i 've never been to a homecoming dance before . '',dance,process
"all fires were lit and banked , modest flames eating holes into the darkness of the interior and projecting a dance of shadows onto the walls of the cave .",dance,process
part of rachel hoped that benji would be at the dance but another part of felt that dances were n't his thing and that he was n't big on hanging out with large groups of people .,dance,process
"a smile lifted the corners of her mouth , and she resisted the urge to do a little happy dance .",dance,process
"step one in getting these two to know each other : mitch might as well learn from the get-go that once rhett started that song and dance , it would n't end until he got what he wanted .",dance,process
"i mean , the way everyone built it up , it was supposed to be this amazing dance , really romantic , and tons of fun , except that it totally was n't .",dance,process
he does smile at me and i do a mental happy dance .,dance,process
"one dance , and then well leave .",dance,process.nfs
"the building was partially demolished in places , including the wall that had been knocked down between the bar area and the dance floor .",dance,process
no good can come of your attack here today .,attack,process
"then , more i think to get some sort of response from the defenders rather than out of any hope of success , they mounted an attack on the front gate .",attack,process
"on top of that , he knows an attack by skukuza is imminent - they would obviously come to rescue the hostages .",attack,process
i suppose it worked : i survived my village and the lion attack .,attack,process
i felt like going on the attack .,attack,process
"cartwheeling away from another attack , evalle landed with her feet planted , facing the overgrown worm .",attack,process
harpies still circled the sky-a dozen maybe-but the attack was clearly on the wane .,attack,process
"like giant information clouds , they absorbed the pressure of our attack it was very hard to overload .",attack,process
"`` as far as i know , the erudite have n't been able to develop a transmitter that lasts for more than one simulation , although the attack simulation lasted far longer than any simulation i 've seen before . ''",attack,process
john taylor was severely wounded in the attack ; willard richards escaped with just a nick on his left ear .,attack,process
the navy will intercept what 's left after the initial attack and sterilize that entire area of space with constant nuclear bombardment .,attack,process
"`` the nps staff has developed a computer that will monitor electrical activity of the brain , and when it sees an attack starting , will transmit a shock to the correct brain area .",attack,process
"the attack seemed to catch him by surprise , and he fell backwards , bringing his hands up in front of his face .",attack,process
"there was no use trying to hide anything from her , so i drew in a breath and told her everything that had happened since the reaper attack yesterday , including the fact that linus had put the candle on view for everyone at the academy to see-reapers included .",attack,process
was her mother simply seeking revenge from the attack on her stronghold in hong kong ?,attack,process
"right after the news of this attack started to spread , there were reports of gun fights among pakistani soldiers in various cantonments all over the country .",attack,process.nfs
"after steves performance , it didnt seem worth the energy for either of us to be mad at the other .",performance,process
he had never attended a saturday performance before .,performance,process
save your breath to cool your porridge or at the very least for your next performance .,performance,process
i hope you enjoyed my sister 's performance .,performance,process
sorchak assisted her in the performance of certain rites of magic .,performance,process
"you 're an intelligent woman , or so i assumed , but this ... this performance is ridiculous .",performance,process.nfs
it was a testament to the gravity of the moment that he did n't treat everyone present to an impromptu performance of `` ai n't no mountain . '',performance,process
the guard said impressed and called the second security guard over for a repeat performance .,performance,process
"the most recent one was from eleven years ago ; it was a lengthy interview with him after he had played his final concert with the symphony and had been allowed by the conductor to perform a solo , the only one of his symphony career , as the night 's final performance piece .",performance,process
"thinking quickly , he pulled out his cell and recorded the rest of her performance .",performance,process
"she laughed , more at leo 's enthusiasm than at memories of the performance .",performance,process.nfs
"matt starts playing and his performance is beautiful , full of tenderness and restrained emotion .",performance,process
"`` an award-winning performance , '' replied tucker .",performance,process
"at the end of that very first performance , when they stood on stage , their outer garments swirling to a stop , there was silence from the audience .",performance,process
she took a deep breath and prepared for an oscar-worthy performance .,performance,process
"sam went out to the jeep , grabbed luke 's guitar , and handed it to him as candi announced luke 's performance from the stage .",performance,process
and whatever friendship they had formed in the last 36 hours was going to die a sudden death when he realized she was polluted .,death,state
"and after all , she had come there to save him , not precipitate his death .",death,state
"when she stepped inside the main building , the stench of death flooded her nostrils .",death,state
cain knew that he could come back from death .,death,state
an hour or two spent hunting for a healer could mean the difference between life and death .,death,state
when would sickness and death be overcome by science ?,death,state
"ive instructed hamid to peel your living skin off and make you eat it for his amusement , and believe me , youll be begging for death when hes finished .",death,state
"as much as i want to lie with him forever , to just slowly starve to death with him , i can not do it .",death,state
"if i do n't escape this place , i face death or worse .",death,state
"as the scenes played , he realised death and destruction were his companions for too long .",death,state
"but if they 're offering death , do n't forget that i want to die . ''",death,state
but i ca n't ... '' my voice trailed off as i realized i 'd been about to say `` be responsible for your death . '',death,state
their love is stronger than death .,death,state
"sarah , you can not blame yourself for his death .",death,state
"hunter might 've assumed ray had killed barker for molesting katie and rose lee , but barker had been around for seven years after rose lee 's death , which did n't suggest the instantaneous reaction of a father who 'd just learned that his preacher was molesting his daughter .",death,state
"yes , i was studying to be a doctor and i understood death .",death,state.nfs
"at these moments i often endeavoured to put an end to the existence i loathed , and it required unceasing attendance and vigilance to restrain me from committing some dreadful act of violence .",existence,state
the values that brought this nation into existence are for the greater part a memory .,existence,state
"why would she request-it was n't stolen , he realized , and for the first time in his endless existence , he was angry with himself .",existence,state
`` this is not a real existence . '',existence,state.nfs
"some could see only the amusing side of being , living their existences to the full , while others were sober and took existence less frivolously .",existence,state
we might call it a peaceful reality but that would imply the existence or possibility of an unpeacefull one .,existence,state
just after viggo discovered evangeline 's existence and ran her mother down with a car .,existence,state
"allisons mental wandering ultimately ceased upon the realization that the subject matter of sams conversation no longer related to his pathetically rich , yet shallow existence .",existence,state
is such a machine in existence today ?,existence,state
"i knew i 'd look for him in the face of every man i passed for the rest of my life , and though my physical existence on earth would end one day , i knew in my heart that i would love him , too-for eternity .",existence,state
"not much else explains the existence of an entire species of tiny , semisentient humanoids with a fondness for roast moth and clothes made out of candy wrappers .",existence,state
"it was katlyn fox , the same reporter that uncovered the existence of the stonecutter .",existence,state
"but she 's won no real friends during her long existence , and it is n't only the humans who are trapped here , you know .",existence,state
"one certainly can not rule out the existence of all such supermen , monsters and sprites .",existence,state
your kind is but a weak shadow of existence not worthy of perpetuation .,existence,state
but pray do not breathe a word of our existence to anyone . '',existence,state
"i couldnt imagine how badly that would scar penny , seeing someone she loved so much lost after such chaos .",chaos,state
and a werewolf cub dashed about the lounge causing chaos and panic .,chaos,state
"this was because , when the frey that went astray did his dire deeds , the house of drakkar , like lunwyn on the whole , descended into chaos .",chaos,state
"it wants to sleep the day away , or lose itself in the chaos of my scattered mind .",chaos,state
joe was only two steps behind as allison scrambled to get clear of the chaos .,chaos,state
"but , as expected , all was quiet in la casildas stateroom , the messy clothing and general chaos unmoved from the night before .",chaos,state
and the chaos would begin instantly with the security forces .,chaos,state
"after her bath , joan would spend the rest of the day quietly grooming herself , so it was worth the chaos in order to get the peace and quiet of a contented parrot .",chaos,state
"my eyes tearing up , my gaze slammed to ezra , and i shouted over the chaos , `` check jack 's hand ! ''",chaos,state
"he was outwardly calm , but his thoughts were in chaos .",chaos,state
`` somewhere where we could talk some more without all the noise and chaos . '',chaos,state
"we are only a heartbeat away from global famine , war , and chaos .",chaos,state
"but at the core of it , whenever humans come against chaos , they deal with it in one of three ways .",chaos,state
"among the chaos tearing through my head , it becomes clear .",chaos,state.location.c
"i swallowed hard , remembering the chaos of those horrible days .",chaos,state.nfs
"out on the pavement , the growing chaos was jason 's protection .",chaos,state
bannerman cleared his throat as if he were having some difficulty with the next .,difficulty,state
"come to think of it , he 'd been underestimating all kinds of things lately , starting with the difficulty of the job madeline had hired him for .",difficulty,state
it occurred to her now that all her difficulty in speaking up for herself with jason was a symptom of being with the wrong man .,difficulty,state
it is unbelievable as the people with which you share the place of employment individualizes your states of mind and your moments of difficulty with phenomenal intuition .,difficulty,state
"`` jaz , '' i said , controlling my anger with great difficulty .",difficulty,state
"we all have to endure difficulty in our life , he said some just more than others .",difficulty,state
"although more of a sudden equatorial eclipse than a difficulty arising , the coincidence with the smoke clearing from the cockpit of my fiat meant the appearance of a muntjack on the road was like the blunt knife entering the small of my back .",difficulty,state
"`` i mean that '' she clapped her hands together three times , indicating the difficulty of explaining : `` the jungle and mountainous terrain here could make overland travel too difficult . ''",difficulty,state
he would simply have to face that difficulty when it arrived .,difficulty,state
twisting the skull with enough force to snap the spine and spinal column should not present much difficulty since it is a non-rotating joint .,difficulty,state
"abner , though well into his sixties , was a very seasoned and skilled warrior and was aware that he could take the young man 's life without difficulty .",difficulty,state
"the boy blinked twice , oddly , as though he had difficulty focusing .",difficulty,state
"i grumbled and with difficulty , strip the wet clothes off .",difficulty,state
"`` which brings us on to a further matter of some delicacy which i am sure that well-travelled , broad-minded gentlemen such as yourselves will have no difficulty in accepting , '' he said .",difficulty,state
"his cock stirred in response , and he pushed the memory aside with difficulty .",difficulty,state
"i have difficulty concentrating in math class father , but that was fun .",difficulty,state
"she can go ahead and chance a kill regardless , relying on her scrying eyes and her own strength and agility , but she decides against this ; the harbour streets are too narrow to easily manoeuvre in , too unwieldy .",strength,state
"kingsley , after all , possessed such quickness and strength .",strength,state
"you/they have understood that the life , that escapes of hand , riagguantata goes and enjoyed not in an only direction , bending the head to the strength of the tides that drags her/it i pour the death , but explored in every dimension , in every sense , from every angolatura .",strength,state
it took every ounce of strength i had to remain hard and impassive to varia .,strength,state
and other things kevin was a pillar of strength for your parents .,strength,state
"i was losing strength , and my blood made my hands slippery on the steel .",strength,state
"with one last desperate push of strength , she hauled her stomach onto the summit .",strength,state
"i shrieked , some of my strength returning , but still all i could do was glare at the evil , smirking man .",strength,state
"annie shook brians outstretched hand , noting the strength of it and watched thoughtfully as rose escorted him to the door .",strength,state
but my hands were sweaty and my strength was gone .,strength,state
shiro would need all his strength to endure this mission .,strength,state
my grip was weak and my fingers lacked the sheer strength they had a mere six weeks ago .,strength,state
"`` a counter-puncher relies on using the strength of the opponent , like me for example .",strength,state
"sutton had lent her some of her strength , that night in the canyon .",strength,state
"tireless , though , and his strength is prodigious .",strength,state.nfs
"so the beginning of what was almost the end was actually in oakland , but to make it easier on whatever audience of out-of-towners youre addressing , you just say san francisco .",beginning,state
"okay , let me start from the beginning .",beginning,state
i 'd forgotten that he had fought our attraction in the beginning .,beginning,state
"she is n't a deity , but she is an immortal and has been around since the beginning of time .",beginning,state
"he had an idea that the next thing curtis said would be the beginning of an argument , possibly a bitter one .",beginning,state
it occurred to me that mirabelle could have simply asked him to stay from the very beginning and saved the entire debate .,beginning,state
so i began to pass through my days not just occupying my thoughts with the one who had left but with the beginning of a realization that eased me .,beginning,state
"on the other side of the hudson , down south from the brotherhood compound , autumn sat in the cabin in darkness , still occupying the same chair she 'd settled into at the beginning of the night .",beginning,state
"there were countless ways i could interpret the statement , but i knew what i thought of as the beginning .",beginning,state
it is a very exciting time for us and i want you involved from the beginning . '',beginning,state
i could see the stairs and the beginning of the maze of cubicles .,beginning,state
his hand drifted to the beginning of the scar just below my neckline - to the place where the fang first pierced my skin at the top of my breast .,beginning,state
"i promise you : this is not the end , but only the beginning for us all .",beginning,state
in the beginning lara had questioned it .,beginning,state
"if i pushed too hard from the beginning , she would be justified in torturing me next , which i 'm sure she was hoping for .",beginning,state
"what other flesh in all the world is ready for me , plastic , and adaptable and swarming with millions upon millions of tiny cells which it will not use in its perfection , what other organism has grown to a thousand times its size in the first few weeks of its beginning , and is ready now to unfurl and lengthen and swell as my cells merge with it ! '",beginning,state
"faster reflexes in mice , and higher intelligence in rats .",intelligence,state
she thought going into theatre was a waste of my intelligence .,intelligence,state
"a thatch of badly cut blonde hair , loose fitting ragged clothes and small shoeless feet blue with cold did not go with the well-formed face , the intelligence evident in the soft blue eyes and the mannerly bearing .",intelligence,state
"she was not a stunning beauty , but her character , drive and intelligence gave her an undeniable appeal .",intelligence,state
what good is all of our intelligence if it makes us crazy ?,intelligence,state
"despite his dissembling attitude , gray recognized a savage intelligence and a hint of hard cruelty .",intelligence,state
i lean toward the idea that the very existence of the multiverse is too amazing to not have been designed by some intelligence .,intelligence,state
"that man , as we know it , exists because of a higher intelligence , emissaries of god .",intelligence,state
we never expected to see such intelligence and such technological progress from man .,intelligence,state
`` our intelligence has been a little weak .,intelligence,state
"he winks when he catches me about to unleash on him , so instead of yelling at him for insulting my intelligence , i say , `` thanks , '' and leave him at the bar ordering beers .",intelligence,state
the peculiarity of the acts seems to rise in direct ratio to the intelligence of the man or woman so afflicted .,intelligence,state
she was clearly displeased with the thinness of the intelligence lucian had provided .,intelligence,state
"it is commendable , but elementary compared to the intelligence modules and the organism growing technology , said toby .",intelligence,state
"he never resisted or said anything when i did , but watching him work so easily through what had kept me baffled left me feeling low enough on the intelligence ladder that it seemed i had to look up to see double digits .",intelligence,state
"those eyes held savage intelligence and were mesmerizing , compelling .",intelligence,state
he sighed with happiness as she threw herself on top of him .,happiness,mood
"`` my only chance of finding any kind of happiness with someone would be to leave the shifter community behind , leave him behind .",happiness,mood
not even the fact that she 'd gone with golden boy could ruin my happiness for her .,happiness,mood
it did n't seem like something that would lead to romance and happiness .,happiness,mood
"twenty years ago , tony had brought me to another level of happiness , and i had never been the same after that .",happiness,mood
"perhaps he was afraid that if he did find happiness it would be snatched away , but whatever the case , he just did not have it in him .",happiness,mood
`` you want your old love to be happy ... and maybe you 'd like a little of his happiness to come from you . '',happiness,mood
"he thought , peering across the distance , as he wondered if her expression was one of happiness or contempt , anticipation or dread .",happiness,mood
"he was so brimful of happiness all he could think about was what lay before him , and about rowan .",happiness,mood
you will only know joy and happiness .,happiness,mood
"`` well , sir , since your happiness is our number one priority , why do n't you tell me what would make you happy . ''",happiness,mood
a quiet happiness bubbled inside me at the unexpected turn this evening had taken .,happiness,mood
"hanna beamed at him , overcome with both happiness and sadness at once .",happiness,mood
"he thought perhaps , despite her beauty , that hers was a face that rarely showed happiness .",happiness,mood
"but i was clueless about love , happiness , life .",happiness,mood.nfs
"fear , is now replaced by overwhelming happiness .",happiness,mood
"her empathy was born in violence , but she 'd strengthened the ability through repeated use .",empathy,mood
"`` tatum , i 'm so sorry , '' jake said with sincere empathy .",empathy,mood
"`` it was just that i had an overdeveloped sense of empathy with the dying , mostly animals , but when my grandmother passed , i could feel it , from miles away .",empathy,mood
"`` time for you to cool off , my friend , '' the voice was still powerful , but regan swore she heard a twinge of empathy in the statement .",empathy,mood
`` someday remind me to explain to you what empathy is . '',empathy,mood.nfs
"9 beyond clairvoyance , beyond empathy jill had bought herself a beautiful little house on nearly an acre of land in west sedona , with stunning red rock views , a rock and cactus garden for a front yard , the property dotted with stately juniper and cottonwood trees , all surrounded by a high security fence .",empathy,mood
thank god for lowells understanding and empathy .,empathy,mood
i can feel empathy pouring off her like water off a cliff .,empathy,mood
"too soft , which was why she 'd tried to counteract the empathy she felt by maintaining some distance .",empathy,mood
the disturbing graphics accentuated his empathy .,empathy,mood
"the empathy kicked in , and jones said hed be at the lab later .",empathy,mood
"and because he knows , he has perfect empathy and perfect solutions and perfect blessings just for you .",empathy,mood
proximity heightens the empathy the neuralists always said .,empathy,mood
"that smile , i thought , walked a thin line between empathy and condescension .",empathy,mood
but empathy for fredericka was n't all kylie felt .,empathy,mood
no empathy or humanity attached to it .,empathy,mood
step out of your single-minded resentment of your father and take a look at something .,resentment,mood.location.c
"right well , i have built up a resentment towards soldiers .",resentment,mood
"a surge of resentment , almost of determination , rushed through him .",resentment,mood
for the rest of the day karen seethed with resentment at the choice hal was forcing on her .,resentment,mood
"she felt embarrassed , surprised by the resentment that welled up in her .",resentment,mood
"out of nowhere , resentment rose like bile , and i tried to pull away .",resentment,mood
"caden stared back at me , resentment marring his stunning face-but unharmed .",resentment,mood
resentment thickens his tone .,resentment,mood
knowing the source of his resentment gave little solace .,resentment,mood
"knowing gabe was behind my sleepless nights and the reason why jared could no longer be within two blocks while i slept mustered up suppressed resentment , resulting in a bit more guts than i usual y had .",resentment,mood
i 'd sat directly behind him in advanced economy theory last semester and spent months battling twin emotions of lust and resentment .,resentment,mood
the looks of resentment i once received have been replaced by looks of hatred .,resentment,mood
a diffuse resentment flowed through him and he switched the image away from her to a generic preset of sunrise at olympus mons .,resentment,mood
i knew ryan harbored deep resentment for suzanne and her antics .,resentment,mood
his comment stirs up the resentment that i 've been battling since things with shane took a turn for the worse .,resentment,mood
"and take spain , where the catalonians and the basques bear more than arms , they bear generations of resentment .",resentment,mood
"in her mind , neither was better , it was simply a matter of preference and in some cases need .",preference,mood.nfs
"this act is so in breach of my much-cultivated image as european intellectual - that i anticipate being thoroughly ignored , in an attempt to avoid the realisation that they 've been cheated ( or were they simply too obtuse to notice my blatant preference for herbal floods ? )",preference,mood
"either way , she accepted the preference .",preference,mood
"we purged all those lies finally , wiped them from the memories of the computers , though we had to cite authorities on a half-dozen non-christian worlds before the librarians and academics would credit that the differences were anything more than a question of religious preference .",preference,mood
so what did you mean by gender preference ?,preference,mood
do you have a preference for color ? '',preference,mood
time and again hed been passed over in preference of a younger child .,preference,mood
"its safe and secure and the kind of place where one could be well-known or not really known at all , depending on personal preference .",preference,mood
the bride and groom had yet to address the sticky issue of religious preference .,preference,mood
"angie was glad to help , having already declared a preference for the shorter look on preston .",preference,mood
two teams are asking for you and i wanted to ask your preference . '',preference,mood.nfs
"dimitri had planned his establishment well , and even though voss meant to use the evening to observe and learn from his host , he found himself lulled by the strains of music and the feminine company-and young , hard males as well , for those who tended toward that preference .",preference,mood
"`` had alexandra shown the slightest partiality for one man , or even a preference for one type of man at that point , '' the duchess continued , `` the others might have given up and gone away , but she did not .",preference,mood
"`` i know it 's no excuse and that you do n't have to give me any special preference , but if there was any way that i might be able to have a second chance to prove to you that i take your class as seriously as i truly do- '' `` serena , it 's okay . ''",preference,mood
"if the target had suddenly grown a conscious , the lace , or the bustier , or whatever his preference in the unmentionables department was would send him over the unsure edge .",preference,mood
"considering my preference for equality and his imperial nature , i bet those conversations would have been frequent and unpleasant .",preference,mood
"a pitiful cry caught my attention , and i stopped weeping .",attention,mood
"standing by the campfire , her attention remained focused on nate and kouwe .",attention,mood
"how to pay attention , think , read signs at the same time listen to your heart .",attention,mood
it made me happy to be able to get his attention at the drop of a hat .,attention,mood
but that 's not what is holding my attention .,attention,mood
"i slid lower in my chair , grateful that the class had turned their attention away from me .",attention,mood
grand nodded as jessica 's attention was wrested back to her .,attention,mood
"at first , i ignored those and concentrated on the four or five pairs of stiff blue pants that kevin seemed to prefer , but a deep red dress caught my attention , and i had to try it on .",attention,mood
the beady eyes directed their full attention toward him but a hand remained unoffered .,attention,mood
"`` no harm done , '' he tossed at her , the smile still lingering even after he 'd returned his attention to the traffic ahead .",attention,mood
"breeze focused his attention on gustav , and although doubting gustav was much of a threat with his two wrist stumps wrapped in gauze , he kept his pistol at the ready behind his back all the same .",attention,mood
"`` catch you later , '' cole said , his attention shifting back to tyler .",attention,mood
"jett asked , drawing my attention back to his voice .",attention,mood
"a sudden tingle jolted my attention back to michael ; he was touching my shoulder , looking down at me with concern .",attention,mood
"batya , train all your attention on lorelei and i 'll do the same .",attention,mood
"barefoot asked , bringing her attention back around .",attention,mood
matt was in a good mood because his baltimore project was going well .,mood,mood
kelly deserved a reward for putting up with his sour mood .,mood,mood
"and it must definitely be a lot of fun , judging by their playful mood , their laughter and their smiling faces .",mood,mood
"then , the mood already turned , victor decided to go with it .",mood,mood
`` what were you looking so happy about before i curdled your good mood ? '',mood,mood
"as he 'd feared , that announcement definitely ruined the mood .",mood,mood
put her in the mood ? '',mood,mood
his mood was soon buoyed by the scent of breakfast wafting in from outside his door .,mood,mood
"that reassurance did wonders for my mood , and had me answering her question .",mood,mood
"then because he was silent and the awkwardness was her own fault , she tried to lighten the mood as they turned onto gran 's street and strolled toward the yellow house .",mood,mood
depending on the mood they were now in .,mood,mood
"that was , if you did n't count luke waking up in an energetic mood .",mood,mood
"hope sparked in me that maybe his bad mood was over , maybe he would be nice .",mood,mood
"not willing to deal with urian 's ill mood swings or explain himself , ash ignored the man while he continued to sing matchbox 20 's `` push '' under his breath .",mood,mood
that sound fitted garion 's mood .,mood,mood
"her mother snapped , her foul mood escalating .",mood,mood
"however , he had never mustered any courage yet to attempt the river .",river,location.event.c
"the underwater current seized her , shooting her down the river like a bullet in a rifle barrel .",river,location
"even though langdon and sienna were only halfway across the arno river , he had no doubt they had long since passed the point of no return .",river,location
he hit a couple of rocks and his blood flowed into the river as his brain slowly deadened .,river,location
"avignon was named after the constant breezes off the river , but he sensed the true storm to come .",river,location
"tell your master that as soon as enough warriors have re-crossed the river , the horde will close on your position .",river,location
"she kept her speed high and glanced across the river , saw the creature she fired at barreling toward her at a perpendicular angle .",river,location
"few ever had cause to come this way , as this area offered nothing of value and led nowhere but to a steep hillside that fell precipitously toward the river .",river,location
"the one bit of luck i got is that the river here is pretty calm , despite some splashing from the wind .",river,location
"and where there is a river there are usually fish , right ?",river,location
it overlooked the little colorado river and offered vistas for hundreds of miles in all directions .,river,location
"once they reached the liban river , they would need to ask villages along the way for further directions .",river,location
assail turned right and headed away from the river .,river,location
"the riverboat was docked in the middle of the downtown district , where the aneirin river curled like a ribbon past the city 's skyscrapers and cultural buildings like the ashland opera house .",river,location
"twenty-eight - the release of furble that evening when the sun began to disappear behind the distant hills , a cool breeze blew dust up from the dirt road .",road,location
"hicks surveyed the road ahead , standing quietly in our midst and inhaling deeply , then letting the breath leave his lungs heavily .",road,location
"the mountains of doom were to their right all the way , and the road followed the valley of the river kromb .",road,location
the road was very narrow and winding .,road,location
"`` there was a sound of horses along the road from the castle , and when we turned to see , there was a small party coming down , six horsemen with a wagon , and one of them held lovat 's banner , so i knew my grandfather was with them .",road,location
"yes , i guess thats what it means , i whispered , my eyes fastened on the road .",road,location
"the childs mother followed , caught the little boy by the scruff of the neck and dragged him across the road to give him a beating .",road,location
"his eyes fell on a severed , clawed hand in the middle of the road nearby .",road,location
"he pulled himself up in time to see all three vehicles driving off , the sounds of their engines fading as they disappeared down the long , straight road , back the way thomas and the others had come .",road,location
"he hesitated , wishing the towering pines lining the road could offer up some help on what he should say to smooth the way with this woman he would be linked to forever through their kid .",road,location
"lee arrived at the courthouse at about nine-thirty , to find that the bulk of the british army had left-presumably moving toward middletown , as that was where the road went .",road,location
"but the shadows on the road agreed with the lapse of time , and as we looked for edden , i thought back to that inertia bubble .",road,location
the road was in a much better condition as compared to the one she had followed .,road,location
they camped off the road again that night and started out again early the following morning .,road,location
"jerking my head to the side , i genuinely thought about jumping over a slim section of metal railing protecting the edge of the road from a sheer drop off that led all the way down to a winding section of river far below .",road,location
"when we make it to them , we will have cleared a path and made a road we can drive on .",road,location
"in a day or two , za knew that she would bundle the little boy and girl against her strong body and ride with her family to a lower elevation and a more protected valley .",valley,location
"chapter 8 it was getting darker up on the mountainside , and the valley below was already in the shadows of the highest peaks , but janet was unaware of the passing of time right now as she and greg moved back through the mountain .",valley,location
"we 're facing north from stillwater , and there 's nothing but mountain , lakes , and valley from here on out .",valley,location
"it had one street , which is normal for a town built at the bottom of a steep valley , and as it had grown , the houses of the new arrivals were simply added on to each end of that street .",valley,location
he 's setting the whole valley ablaze .,valley,location
"there is a valley on the other side , ayaaz was keenly looking at all sides .",valley,location
"ibrahim commented coldly , yes , you must come to our valley to help us .",valley,location
"although the afon valley is the easiest way from town up into the hills , its still steep enough to require a winding road .",valley,location
"ranchers from around the valley came in their best attire , more cowboy hats were present than at the prescott rodeo , boots were spit polished , and levis had a sharp crease .",valley,location
"further observation of the valley showed heavy forestation where the small community had been , and absolutely no sign of habitation .",valley,location
"the road through the valley was not one of the major furycrafted causeways that supported the realm-the expense of such a creation made the use of the broad , slow waters of the tiber far more practical for shipping and travel .",valley,location
near sunrise i reached a small valley .,valley,location
"her gaze swept the valley , which was larger than our previous .",valley,location
the clip of his pistol holds only three more rounds - and his bladed cudgel got left behind when he carried the boot thief out of the valley - so he is likely to be in trouble if he encounters any resistance .,valley,location
"he had found a nice valley , a few miles to the west , with a small stream running through .",valley,location
"in the shadows of the rocks they worked their way around the attendant , climbed to a ledge looking out upon the desert .",desert,location
he walked fifty yards into the desert and threw her into a hole .,desert,location
"the top of the hill was dry as desert , and it was a hell of a climb back down to the water and we didnt have much drinking water in our packs .",desert,location
zebediah assumed the desert was just a passage .,desert,location
`` i know you 've always been avid with curiosity as to why we set up such a huge population in the desert .,desert,location
she turned and headed for the desert as fast as she could .,desert,location
"he could almost feel the sun burning the back of his neck as he 'd run full-out across the desert , searching low dunes for somewhere to evade and set up a rescue beacon .",desert,location
the desert landscape lit up like a massive church nativity .,desert,location
"dusk had nearly arrived , gradually covering the desert with its darkening blanket .",desert,location
as far as i know he doesnt leave the desert .,desert,location
ill brand those newborns and let them out into the desert to graze .,desert,location
"around christmas time , who else will be leaving me in the desert to die ?",desert,location
maybe the dry desert air was doing him some good .,desert,location
seriffe has them on maneuvers at the desert below endelle 's palace . '',desert,location
"the old man unrolled it , and pointed to a town near a body of water in a desert .",desert,location
"carried her through the desert , through the night , and delivered her into the arms of her family .",desert,location
the sky was clouded .,sky,location
i drove until the sun fell out of the sky and i needed to head back to the city and get to nassir 's .,sky,location
he was fretfully gazing up into the sky .,sky,location
"in the deep distance , the sky was cleaved by a line of stormhunters on the move .",sky,location
"the sun ai n't yet risen down at the end of the road in the direkshun we 're headed , just a vague pinkness in the sky .",sky,location
"i glanced uneasily at a window , taking note of the purpling sky .",sky,location
"stars also appeared , and the sky became vibrant again .",sky,location
"in fact , everything about him gave the impression of a golden eagle , soaring proudly through an endless sky .",sky,location
the sky had cleared by morning .,sky,location
"but worry not children of brynmor for when the ash has settled and grown cold and the right wind stirs , the fire-bird will rise once more and scorch the sky .",sky,location
a long forlorn cry rolled through the sky .,sky,location
"once again the sun rose in a rusty sky , a coppery disc hanging low over the brown-stained waters of the lake .",sky,location
"the sun was moving across the sky for the second time that day , the apartment buildings cast a long shadow over the crumbling street .",sky,location
the cab came to rest in the back row of half a dozen ranks of cars lined up to face the concrete screen that soared up into the sky and on which a huge man was just saying something to a huge girl .,sky,location
"it was almost dawn when he pulled into our driveway , the sky just beginning to tinge pink at the edges .",sky,location
he shrugged his shoulders and lay down with his limbs spread out in a star and gazed up at the empty blue sky and thought of vesper .,sky,location
"he remembered when he used to run as a kid in the park near his home , run and run until exhausted .",park,location
"she ran into a park , dashing down an old trail .",park,location
"chapter 5 manhattan new yorkers congregated in central park , the fifty-five-acre great lawn filling up as though for a summertime concert .",park,location
"the park was clearing out as people went home for dinner , or the kids got tired .",park,location
"every afternoon , she pulled on gloves and hat and rode to hyde park in hart 's landau .",park,location
"she could ignore how her heart sped up when she saw him walking into the diner , or her son 's school , or the park , most of the time .",park,location
`` the festival of emperors has now ended and the park is closing . '',park,location
zane tried to find a space near it but ended up going in the opposite direction to park closer to the field so ty wouldnt have to walk so far .,park,location
"that , too , was an example of the good being created from the horror of our lives , and hal often dreamed of how he had created those smiling babies from newspapers on rainy days when he couldnt run through the streets to the park and join other kids baseball teams .",park,location
"the moon lolls just above the consoling complexity of the treetops as he exits the park and walks the dark streets , invisible in his black except for the swinging arcs of the white sneakers , like the grins of two traveling cheshire cats : a few long blocks to the muni stop , where he waits tranquilly for the night train , transfer clutched in a muddy hand .",park,location
`` pretty sure he went to his cabin out by itasca state park . '',park,location
"she stayed low , moving with slow caution , taking care not to allow movement to draw the eye as she worked her way across the park .",park,location
sifting through the stuff that had been on the back of michael 's truck he came across the signs they intended posting at the entrance to the park .,park,location
"he was trotting through the park , riding the trails keeping an eye out for vagrants and joggers ; this park had once been the site of a serial rapist and several murders , so the sergeant took an unofficial detour to patrol once a shift before merging in the downtown square , where they stood and helped direct traffic giving directions and providing a bit more glamour to the capitol .",park,location
the section of the canal that runs under center and main and comes out in bassey park is really nothing but a drain that happens to hold the kenduskeag .,park,location
six the park was jammed with people .,park,location
"i headed to the playground , sat down in a swing , wrapped my hands around the cold chains and started swinging .",playground,location
"i surveyed the familiar track , across the field was the elementary school ; i noticed the empty rundown playground and a rush of nostalgia and memories came back to me .",playground,location
"just beyond the playground , the pavement extended into an expansive lot .",playground,location
its across from the playground and pool .,playground,location
it was oddly like waiting to jump into the turning rope when i was on the playground in elementary school .,playground,location
chapter eleven one week later zero wrapped the wire around his arm as he glanced toward the playground where the kids were playing with prue .,playground,location
"to my right , i hear the squeal of children and notice the playground nearby .",playground,location
he sat down on the wooden bench at the edge of the playground next to alyssa and handed her a bottle of juice .,playground,location
he padded down that ominous gray hallway and into our playground .,playground,location
the playground seemed a safer place than letting the children run in the streets .,playground,location
"couple of punks with guns shot up a playground just about the same time this happened , so theyve been busy with that today .",playground,location
"going over it felt kind of like going down the small kiddies slide at the playground , but without the hard landing ( usually flat on my back with my legs in the air ) on the ground at the bottom .",playground,location
"as they parked by a nearby vacant playground , andrew remembered the sketchbook lying upon his lap .",playground,location
"howling wind cut through the trees , beat against his chest as he plodded through the deserted playground .",playground,location
"the early spring shadows were already crossing the playground and a chill was in the air , a reflection of the higher altitude of the area .",playground,location
dinner was at a family pizzeria with an indoor playground and a rowdy atmosphere,playground,locatio